row.names,pclass,survived,name,age,embarked,home.dest,room,ticket,boat,sex,first_class,second_class,third_class
1,0,1,"Allen, Miss Elisabeth Walton",29,Southampton,"St Louis, MO",B-5,24160 L221,2,0,1,0,0
2,0,0,"Allison, Miss Helen Loraine",2,Southampton,"Montreal, PQ / Chesterville, ON",C26,,,0,1,0,0
3,0,0,"Allison, Mr Hudson Joshua Creighton",30,Southampton,"Montreal, PQ / Chesterville, ON",C26,,-135,1,1,0,0
4,0,0,"Allison, Mrs Hudson J.C. (Bessie Waldo Daniels)",25,Southampton,"Montreal, PQ / Chesterville, ON",C26,,,0,1,0,0
5,0,1,"Allison, Master Hudson Trevor",0.9167,Southampton,"Montreal, PQ / Chesterville, ON",C22,,11,1,1,0,0
6,0,1,"Anderson, Mr Harry",47,Southampton,"New York, NY",E-12,,3,1,1,0,0
7,0,1,"Andrews, Miss Kornelia Theodosia",63,Southampton,"Hudson, NY",D-7,13502 L77,10,0,1,0,0
8,0,0,"Andrews, Mr Thomas, jr",39,Southampton,"Belfast, NI",A-36,,,1,1,0,0
9,0,1,"Appleton, Mrs Edward Dale (Charlotte Lamson)",58,Southampton,"Bayside, Queens, NY",C-101,,2,0,1,0,0
10,0,0,"Artagaveytia, Mr Ramon",71,Cherbourg,"Montevideo, Uruguay",,,-22,1,1,0,0
11,0,0,"Astor, Colonel John Jacob",47,Cherbourg,"New York, NY",,17754 L224 10s 6d,-124,1,1,0,0
12,0,1,"Astor, Mrs John Jacob (Madeleine Talmadge Force)",19,Cherbourg,"New York, NY",,17754 L224 10s 6d,4,0,1,0,0
13,0,1,"Aubert, Mrs Leontine Pauline",31.19418104,Cherbourg,"Paris, France",B-35,17477 L69 6s,9,0,1,0,0
14,0,1,"Barkworth, Mr Algernon H.",31.19418104,Southampton,"Hessle, Yorks",A-23,,B,1,1,0,0
15,0,0,"Baumann, Mr John D.",31.19418104,Southampton,"New York, NY",,,,1,1,0,0
16,0,1,"Baxter, Mrs James (Helene DeLaudeniere Chaput)",50,Cherbourg,"Montreal, PQ",B-58/60,,6,0,1,0,0
17,0,0,"Baxter, Mr Quigg Edmond",24,Cherbourg,"Montreal, PQ",B-58/60,,,1,1,0,0
18,0,0,"Beattie, Mr Thomson",36,Cherbourg,"Winnipeg, MN",C-6,,,1,1,0,0
19,0,1,"Beckwith, Mr Richard Leonard",37,Southampton,"New York, NY",D-35,,5,1,1,0,0
20,0,1,"Beckwith, Mrs Richard Leonard (Sallie Monypeny)",47,Southampton,"New York, NY",D-35,,5,0,1,0,0
21,0,1,"Behr, Mr Karl Howell",26,Cherbourg,"New York, NY",C-148,,5,1,1,0,0
22,0,0,"Birnbaum, Mr Jakob",25,Cherbourg,"San Francisco, CA",,,-148,1,1,0,0
23,0,1,"Bishop, Mr Dickinson H.",25,Cherbourg,"Dowagiac, MI",B-49,,7,1,1,0,0
24,0,1,"Bishop, Mrs Dickinson H. (Helen Walton)",19,Cherbourg,"Dowagiac, MI",B-49,,7,0,1,0,0
25,0,1,"Bjornstrm-Steffansson, Mr Mauritz Hakan",28,Southampton,"Stockholm, Sweden / Washington, DC",, ,D,1,1,0,0
26,0,0,"Blackwell, Mr Stephen Weart",45,Southampton,"Trenton, NJ",,,-241,1,1,0,0
27,0,1,"Blank, Mr Henry",39,Cherbourg,"Glen Ridge, NJ",A-31,,7,1,1,0,0
28,0,1,"Bonnell, Miss Caroline",30,Southampton,"Youngstown, OH",C-7,,8,0,1,0,0
29,0,1,"Bonnell, Miss Elizabeth",58,Southampton,"Birkdale, England Cleveland, Ohio",C-103,,8,0,1,0,0
30,0,0,"Borebank, Mr John James",31.19418104,Southampton,"London / Winnipeg, MB",D-21/2,,,1,1,0,0
31,0,1,"Bowen, Miss Grace Scott",45,Cherbourg,"Cooperstown, NY",,,4,0,1,0,0
32,0,1,"Bowerman, Miss Elsie Edith",22,Southampton,"St Leonards-on-Sea, England Ohio",,,6,0,1,0,0
33,0,1,"Bradley, Mr George",31.19418104,Southampton,"Los Angeles, CA",,,15,1,1,0,0
34,0,0,"Brady, Mr John Bertram",41,Southampton,"Pomeroy, WA",,,,1,1,0,0
35,0,0,"Brandeis, Mr Emil",48,Cherbourg,"Omaha, NE",,17591 L50 9s 11d,-208,1,1,0,0
36,0,0,"Brewe, Dr Arthur Jackson",31.19418104,Cherbourg,"Philadelphia, PA",,,,1,1,0,0
37,0,1,"Brown, Mrs James Joseph (Margaret Molly"" Tobin)""",44,Cherbourg,"Denver, CO",,17610 L27 15s 5d,6,0,1,0,0
38,0,1,"Brown, Mrs John Murray (Caroline Lane Lamson)",59,Southampton,"Belmont, MA",C-101,,D,0,1,0,0
39,0,1,"Bucknell, Mrs William Robert (Emma Eliza Ward)",60,Cherbourg,"Philadelphia, PA",,,8,0,1,0,0
40,0,0,"Butt, Major Archibald Willingham",45,Southampton,"Washington, DC",,,,1,1,0,0
41,0,1,"Calderhead, Mr Edward P.",31.19418104,Southampton,"New York, NY",,,05-jul,1,1,0,0
42,0,1,"Candee, Mrs Edward (Helen Churchill Hungerford)",53,Cherbourg,"Washington, DC",,,6,0,1,0,0
43,0,1,"Cardeza, Mrs James Warburton Martinez (Charlotte Wardle Drake)",58,Cherbourg,"Germantown, Philadelphia, PA",B-51/3/5,17755 L512 6s,3,0,1,0,0
44,0,1,"Cardeza, Mr Thomas Drake Martinez",36,Cherbourg,"Austria-Hungary / Germantown, Philadelphia, PA",B-51/3/5,17755 L512 6s,3,1,1,0,0
45,0,0,"Carlsson, Mr Frans Olof",33,Southampton,"New York, NY",,,,1,1,0,0
46,0,0,"Carrau, Mr Francisco M.",31.19418104,Southampton,"Montevideo, Uruguay",,,,1,1,0,0
47,0,0,"Carrau, Mr Jose Pedro",31.19418104,Southampton,"Montevideo, Uruguay",,,,1,1,0,0
48,0,1,"Carter, Mr William Ernest",36,Southampton,"Bryn Mawr, PA",,,C,1,1,0,0
49,0,1,"Carter, Mrs William Ernest (Lucile Polk)",36,Southampton,"Bryn Mawr, PA",,,4,0,1,0,0
50,0,1,"Carter, Miss Lucile Polk",14,Southampton,"Bryn Mawr, PA",,,4,0,1,0,0
51,0,1,"Carter, Master William T. II",11,Southampton,"Bryn Mawr, PA",,,4,1,1,0,0
52,0,0,"Case, Mr Howard Brown",49,Southampton,"Ascot, Berkshire / Rochester, NY",,,,1,1,0,0
53,0,1,"Cassebeer, Mrs Henry Arthur jr (Genevieve Fosdick)",31.19418104,Cherbourg,"New York, NY",,,5,0,1,0,0
54,0,0,"Cavendish, Mr Tyrell William",36,Southampton,"Little Onn Hall, Staffs",,,-172,1,1,0,0
55,0,1,"Cavendish, Mrs Tyrell William Julia Florence Siegel",31.19418104,Southampton,"Little Onn Hall, Staffs",,,6,0,1,0,0
56,0,0,"Chaffee, Mr Herbert Fuller",46,Southampton,"Amenia, ND",,,,1,1,0,0
57,0,1,"Chaffee, Mrs Herbert Fuller (Carrie Constance Toogood)",47,Southampton,"Amenia, ND",,,,0,1,0,0
58,0,1,"Chambers, Mr Norman Campbell",27,Southampton,"New York, NY / Ithaca, NY",,,5,1,1,0,0
59,0,1,"Chambers, Mrs Norman Campbell (Bertha Griggs)",31,Southampton,"New York, NY / Ithaca, NY",,,5,0,1,0,0
60,0,1,"Cherry, Miss Gladys",31.19418104,Southampton,"London, England",,,8,0,1,0,0
61,0,1,"Chevre, Mr Paul",31.19418104,Cherbourg,"Paris, France",,,7,1,1,0,0
62,0,1,"Chibnall (Bowerman), Mrs Edith Martha",31.19418104,Southampton,"St Leonards-on-Sea, England Ohio",,,6,0,1,0,0
63,0,0,"Chisholm, Mr Roderick Robert",31.19418104,,"Liverpool, England / Belfast",,,,1,1,0,0
64,0,0,"Clark, Mr Walter Miller",27,Cherbourg,"Los Angeles, CA",C-87,,,1,1,0,0
65,0,1,"Clark, Mrs Walter Miller (Virginia McDowell)",26,Cherbourg,"Los Angeles, CA",C-87,,4,0,1,0,0
66,0,0,"Clifford, Mr George Quincy",31.19418104,Southampton,"Stoughton, MA",,,,1,1,0,0
67,0,0,"Colley, Mr Edward Pomeroy",31.19418104,Southampton,"Victoria, BC",,,,1,1,0,0
68,0,1,"Compton, Mrs Alexander Taylor (Mary Eliza Ingersoll)",64,Cherbourg,"Lakewood, NJ",,,14,0,1,0,0
69,0,0,"Compton, Mr Alexander Taylor, Jr",37,Cherbourg,"Lakewood, NJ",,,,1,1,0,0
70,0,1,"Compton, Miss Sara Rebecca",39,Cherbourg,"Lakewood, NJ",,,14,0,1,0,0
71,0,1,"Cornell, Mrs Robert Clifford (Malvina Helen Lamson)",55,Southampton,"New York, NY",C-101,,2,0,1,0,0
72,0,0,"Crafton, Mr John Bertram",31.19418104,Southampton,"Roachdale, IN",,,,1,1,0,0
73,0,0,"Crosby, Captain Edward Gifford",70,Southampton,"Milwaukee, WI",,,-269,1,1,0,0
74,0,1,"Crosby, Mrs Edward Gifford (Catherine Elizabeth Halstead)",69,Southampton,"Milwaukee, WI",,,5,0,1,0,0
75,0,1,"Crosby, Miss Harriet R.",36,Southampton,"Milwaukee, WI",,,5,0,1,0,0
76,0,0,"Cumings, Mr John Bradley",39,Cherbourg,"New York, NY",C-85,,,1,1,0,0
77,0,1,"Cumings, Mrs John Bradley (Florence Briggs Thayer)",38,Cherbourg,"New York, NY",C-85,,4,0,1,0,0
78,0,1,"Daly, Mr Peter Denis ",31.19418104,Southampton,"Lima, Peru",,,A,1,1,0,0
79,0,1,"Daniel, Mr Robert Williams",27,Southampton,"Philadelphia, PA",,,7,1,1,0,0
80,0,0,"Davidson, Mr Thornton",31,Southampton,"Montreal, PQ",,,,1,1,0,0
81,0,1,"Davidson, Mrs Thornton (Orian Hays)",27,Southampton,"Montreal, PQ",,,3,0,1,0,0
82,0,1,"de Villiers, Madame Berthe",31.19418104,Cherbourg,"Belgium  Montreal, PQ",,,6,0,1,0,0
83,0,1,"Dick, Mr Albert Adrian",31,Cherbourg,"Calgary, AB",,,3,1,1,0,0
84,0,1,"Dick, Mrs Albert Adrian Vera Gillespie",17,Cherbourg,"Calgary, AB",,,3,0,1,0,0
85,0,1,"Dodge, Dr. Washington",31.19418104,Southampton,"San Francisco, CA",,,13,1,1,0,0
86,0,1,"Dodge, Mrs Washington (Ruth Vidaver)",31.19418104,Southampton,"San Francisco, CA",,,05-jul,0,1,0,0
87,0,1,"Dodge, Master Washington",4,Southampton,"San Francisco, CA",,,05-jul,1,1,0,0
88,0,1,"Douglas, Mrs Frederick Charles (Suzette Baxter)",27,Cherbourg,"Montreal, PQ",,,6,0,1,0,0
89,0,0,"Douglas, Mr Walter Donald",50,Cherbourg,"Deephaven, MN / Cedar Rapids, IA",,,-62,1,1,0,0
90,0,1,"Douglas, Mrs Walter Donald (Mahala Dutton)",48,Cherbourg,"Deephaven, MN / Cedar Rapids, IA",,,2,0,1,0,0
91,0,1,"Duff Gordon, Sir Cosmo Edmund",49,Cherbourg,London / Paris,,11755 L39 12s,1,1,1,0,0
92,0,1,"Duff Gordon, Lady (Lucille Wallace Sutherland)",48,Cherbourg,London / Paris,,17485 L56 18s 7d,1,0,1,0,0
93,0,0,"Dulles, Mr William Crothers",39,Cherbourg,"Philadelphia, PA",,,-133,1,1,0,0
94,0,1,"Earnshaw, Mrs Boulton (Olive Potter)",23,Cherbourg,"Mt Airy, Philadelphia, PA",,,7,0,1,0,0
95,0,1,"Eustis, Miss Elizabeth Mussey",53,Cherbourg,"Brookline, MA",,,4,0,1,0,0
96,0,0,"Evans, Miss Edith Corse",36,Cherbourg,"New York, NY",,,,0,1,0,0
97,0,1,"Flegenheim, Mrs Alfred (Antoinette)",31.19418104,Cherbourg,"New York, NY",,,7,0,1,0,0
98,0,1,"Flynn, Mr John Irving",31.19418104,Southampton,"Brooklyn, NY",,,05-jul,1,1,0,0
99,0,0,"Foreman, Mr Benjamin Laventall",30,Cherbourg,"New York, NY",,,,1,1,0,0
100,0,1,"Fortune, Miss Alice Elizabeth",24,Southampton,"Winnipeg, MB",,,10,0,1,0,0
101,0,0,"Fortune, Mr Charles Alexander",19,Southampton,"Winnipeg, MB",,,,1,1,0,0
102,0,1,"Fortune, Miss Ethel Flora",28,Southampton,"Winnipeg, MB",,,10,0,1,0,0
103,0,1,"Fortune, Miss Mabel",23,Southampton,"Winnipeg, MB",,,10,0,1,0,0
104,0,0,"Fortune, Mr Mark",64,Southampton,"Winnipeg, MB",,,,1,1,0,0
105,0,1,"Fortune, Mrs Mark (Mary McDougald)",60,Southampton,"Winnipeg, MB",,,10,0,1,0,0
106,0,0,"Franklin, Mr Thomas Parham",31.19418104,Southampton,"Westcliff-on-Sea, Essex",,,,1,1,0,0
107,0,1,"Frauenthal, Dr Henry William",49,Cherbourg,"New York, NY",,,5,1,1,0,0
108,0,1,"Frauenthal, Mrs Henry William (Clara Heinsheimer)",31.19418104,Cherbourg,"New York, NY",,,5,0,1,0,0
109,0,1,"Frauenthal, Mr Isaac Gerald",44,Southampton,"New York, NY",,,5,1,1,0,0
110,0,1,"Frolicher, Miss Marguerite",22,Cherbourg,"Zurich, Switzerland",,,5,0,1,0,0
111,0,1,"Frolicher-Stehli, Mr Maxmillian",60,Cherbourg,"Zurich, Switzerland",,,5,1,1,0,0
112,0,1,"Frolicher-Stehli, Mrs Maxmillian (Margaretha Emerentia Stehli)",48,Cherbourg,"Zurich, Switzerland",,,5,0,1,0,0
113,0,0,"Futrelle, Mr Jacques",37,Southampton,"Scituate, MA",,,,1,1,0,0
114,0,1,"Futrelle, Mrs Jacques (May Peel)",35,Southampton,"Scituate, MA",,,9,0,1,0,0
115,0,0,"Gee, Mr Arthur H.",47,Southampton,"St Anne's-on-Sea, Lancashire",,,-275,1,1,0,0
116,0,1,"Gibson, Miss Dorothy",22,Cherbourg,"New York, NY",,,7,0,1,0,0
117,0,1,"Gibson, Mrs Leonard (Pauline C. Boeson)",45,Cherbourg,"New York, NY",,,7,0,1,0,0
118,0,1,"Goldenberg, Mr Samuel L.",49,Cherbourg,"Paris, France / New York, NY",,,5,1,1,0,0
119,0,1,"Goldenberg, Mrs Samuel L. (Edwiga Grabowsko)",31.19418104,Cherbourg,"Paris, France / New York, NY",,,5,0,1,0,0
120,0,0,"Goldschmidt, Mr George B.",71,Cherbourg,"New York, NY",,,,1,1,0,0
121,0,1,"Gracie, Colonel Archibald IV",54,Southampton,"Washington, DC",C-51,113780 L28 10s,B,1,1,0,0
122,0,0,"Graham, Mr George Edward",38,Southampton,"Winnipeg, MB",,,-147,1,1,0,0
123,0,1,"Graham, Miss Margaret Edith",19,Southampton,"Greenwich, CT",C-125,17582 L153 9s 3d,3,0,1,0,0
124,0,1,"Graham, Mrs William Thompson (Edith Junkins)",58,Southampton,"Greenwich, CT",C-91,17582 L153 9s 3d,3,0,1,0,0
125,0,1,"Greenfield, Mrs Leo David (Blanche Strouse)",45,Cherbourg,"New York, NY",,,7,0,1,0,0
126,0,1,"Greenfield, Mr William Bertram",23,Cherbourg,"New York, NY",,,7,1,1,0,0
127,0,0,"Guggenheim, Mr Benjamin",46,Cherbourg,"New York, NY",B-82/4,17593 L56 18s 7d,,1,1,0,0
128,0,1,"Harder, Mr George Achilles",25,Cherbourg,"Brooklyn, NY",,,5,1,1,0,0
129,0,1,"Harder, Mrs George Achilles (Dorothy Annan)",21,Cherbourg,"Brooklyn, NY",,,5,0,1,0,0
130,0,1,"Harper, Mr Henry Sleeper",48,Cherbourg,"New York, NY",,,3,1,1,0,0
131,0,1,"Harper, Mrs Henry Sleeper (Myna Haxtun)",49,Cherbourg,"New York, NY",,,3,0,1,0,0
132,0,0,"Harris, Mr Henry Birkhardt",45,Southampton,"New York, NY",C-83,36973 L83 9s 6d,,1,1,0,0
133,0,1,"Harris, Mrs Henry Birkhardt (Irene Wallach)",36,Southampton,"New York, NY",C-83,36973 L83 9s 6d,D,0,1,0,0
134,0,1,"Hawksford, Mr Walter James",31.19418104,Southampton,"Kingston, Surrey",,,3,1,1,0,0
135,0,0,"Hays, Mr Charles Melville",55,Southampton,"Montreal, PQ",,,-307,1,1,0,0
136,0,1,"Hays, Mrs Charles Melville (Clara Jennings Gregg)",52,Southampton,"Montreal, PQ",,,3,0,1,0,0
137,0,1,"Hays, Miss Margaret Bechstein",24,Southampton,"New York, NY",,,7,0,1,0,0
138,0,0,"Head, Mr Christopher",31.19418104,Southampton,London / Middlesex,,,,1,1,0,0
139,0,0,"Hilliard, Mr Herbert Henry",31.19418104,Southampton,"Brighton, MA",,,,1,1,0,0
140,0,0,"Hipkins, Mr William Edward",31.19418104,Southampton,London / Birmingham,,,,1,1,0,0
141,0,1,"Hippach, Miss Jean Gertrude",16,Cherbourg,"Chicago, IL",B-18,111361 L57 19s 7d,4,0,1,0,0
142,0,1,"Hippach, Mrs Louis Albert (Ida Sophia Fischer)",44,Cherbourg,"Chicago, IL",B-18,111361 L57 19s 7d,4,0,1,0,0
143,0,1,"Hogeboom, Mrs John C. (Anna Andrews)",51,Southampton,"Hudson, NY",D-?,13502 L77,10,0,1,0,0
144,0,0,"Holverson, Mr Alexander Oskar",42,Southampton,"New York, NY",,,-38,1,1,0,0
145,0,1,"Holverson, Mrs Alexander Oskar (Mary Aline Towner)",35,Southampton,"New York, NY",,,,0,1,0,0
146,0,1,"Homer, Mr Harry",35,Cherbourg,"Indianapolis, IN",,,15,1,1,0,0
147,0,1,"Hoyt, Mr Frederick Maxfield",38,Southampton,"New York, NY /  Stamford CT",C-93,,D,1,1,0,0
148,0,1,"Hoyt, Mrs Frederick Maxfield (Jane Anne Forby)",35,Southampton,"New York, NY /  Stamford CT",C-93,,D,0,1,0,0
149,0,0,"Hoyt, Mr William F.",31.19418104,Cherbourg,"New York, NY",,,14,1,1,0,0
150,0,0,"Isham, Miss Anne Elizabeth",50,Cherbourg,"Paris, France New York, NY",C-49,,,0,1,0,0
151,0,1,"Ismay, Mr Joseph Bruce",49,Southampton,Liverpool,B-52/4/6,112058 Complimentary,C,1,1,0,0
152,0,0,"Jones, Mr Charles Cresson",46,Southampton,"Bennington, VT",,,-80,1,1,0,0
153,0,0,"Julian, Mr Henry Forbes",31.19418104,Southampton,London,,,,1,1,0,0
154,0,0,"Kent, Mr Edward Austin",58,Cherbourg,"Buffalo, NY",,,-258,1,1,0,0
155,0,0,"Kenyon, Mr Frederick R.",41,Southampton,"Southington / Noank, CT",,,,1,1,0,0
156,0,1,"Kenyon, Mrs Frederick R. (Marion)",31.19418104,Southampton,"Southington / Noank, CT",,,8,0,1,0,0
157,0,1,"Kimball, Mr Edwin Nelson Jr.",42,Southampton,"Boston, MA",,,5,1,1,0,0
158,0,1,"Kimball, Mrs Edwin Nelson Jr. (Gertrude Parsons)",40,Southampton,"Boston, MA",,,5,0,1,0,0
159,0,0,"Klaber, Mr Herman",31.19418104,Southampton,"Portland, OR",,,,1,1,0,0
160,0,1,"Leader, Dr Alice Farnham",31.19418104,Southampton,"New York, NY",,,8,0,1,0,0
161,0,0,"Lewy, Mr Ervin G.",31.19418104,Cherbourg,"Chicago, IL",,,,1,1,0,0
162,0,0,"Lindeberg-Lind, Mr Erik Gustaf",42,Southampton,"Stockholm, Sweden",,,,1,1,0,0
163,0,1,"Lindstrom, Mrs Carl Johan (Sigrid Posse)",55,Cherbourg,"Stockholm, Sweden",,,6,0,1,0,0
164,0,1,"Lines, Mrs Ernest H. (Elizabeth Lindsey James)",50,Cherbourg,"Paris, France",,,9,0,1,0,0
165,0,1,"Lines, Miss Mary Conover",16,Cherbourg,"Paris, France",,,9,0,1,0,0
166,0,0,"Lingrey, Mr Edward",31.19418104,,,,,,1,1,0,0
167,0,0,"Long, Mr Milton Clyde",29,Southampton,"Springfield, MA",,,-126,1,1,0,0
168,0,1,"Longley, Miss Gretchen Fiske",21,Southampton,"Hudson, NY",D-?,13502 L77,10,0,1,0,0
169,0,0,"Loring, Mr Joseph Holland",30,Southampton,"London / New York, NY",,,,1,1,0,0
170,0,1,"Madill, Miss Georgette Alexandra",15,Southampton,"St Louis, MO",B-5,24160 L221,2,0,1,0,0
171,0,0,"Maguire, Mr John Edward",30,Southampton,"Brockton, MA",,,,1,1,0,0
172,0,1,"Marechal, Mr Pierre",31.19418104,Cherbourg,"Paris, France",,,7,1,1,0,0
173,0,0,"Marvin, Mr Daniel Warner",31.19418104,Southampton,"New York, NY",,,,1,1,0,0
174,0,1,"Marvin, Mrs Daniel Warner (Mary Graham Carmichael Farquarson)",31.19418104,Southampton,"New York, NY",,,,0,1,0,0
175,0,0,"McCaffry, Mr Thomas Francis",46,Cherbourg,"Vancouver, BC",,,-292,1,1,0,0
176,0,0,"McCarthy, Mr Timothy J.",54,Southampton,"Dorchester, MA",,,-175,1,1,0,0
177,0,1,"McGough, Mr James R.",36,Southampton,"Philadelphia, PA",,,7,1,1,0,0
178,0,0,"Meyer, Mr Edgar Joseph",28,Cherbourg,"New York, NY",,,,1,1,0,0
179,0,1,"Meyer, Mrs Edgar Joseph (Leila Saks)",31.19418104,Cherbourg,"New York, NY",,,6,0,1,0,0
180,0,0,"Millet, Mr Francis Davis",65,Southampton,"East Bridgewater, MA",,,-249,1,1,0,0
181,0,1,"Minahan, Miss Daisy E.",33,Queenstown,"Green Bay, WI",,,14,0,1,0,0
182,0,0,"Minahan, Dr William Edward",44,Queenstown,"Fond du Lac, WI",,,-230,1,1,0,0
183,0,1,"Minahan, Mrs William Edward (Lillian E. Thorpe)",37,Queenstown,"Fond du Lac, WI",,,14,0,1,0,0
184,0,1,"Mock, Mr Philip E.",31.19418104,Cherbourg,"New York, NY",,,11,1,1,0,0
185,0,0,"Molson, Mr Harry Markland",55,Southampton,"Montreal, PQ",,,,1,1,0,0
186,0,0,"Moore, Mr Clarence Bloomfield",47,Southampton,"Washington, DC",,,,1,1,0,0
187,0,0,"Natsch, Mr Charles H.",36,Cherbourg,"Brooklyn, NY",,,,1,1,0,0
188,0,0,"Newell, Mr Arthur Webster",58,Cherbourg,"Lexington, MA",,,-122,1,1,0,0
189,0,1,"Newell, Miss Madeleine",31,Cherbourg,"Lexington, MA",,,6,0,1,0,0
190,0,1,"Newell, Miss Marjorie",23,Cherbourg,"Lexington, MA",,,6,0,1,0,0
191,0,1,"Newsom, Miss Helen Monypeny",19,Southampton,"New York, NY",,,5,0,1,0,0
192,0,0,"Nicholson, Mr Arthur Ernest",64,Southampton,"Isle of Wight, England",,,-263,1,1,0,0
193,0,1,"Omont, Mr A. Fernand",31.19418104,Cherbourg,"Paris, France",,,7,1,1,0,0
194,0,0,"Ostby, Mr Engelhart Cornelius",64,Cherbourg,"Providence, RI",,,-234,1,1,0,0
195,0,1,"Ostby, Miss Helen Raghnild",22,Cherbourg,"Providence, RI",,,5,0,1,0,0
196,0,0,"Ovies y Rodriguez, Mr Servando",28,,"?Havana, Cuba",,,-189,1,1,0,0
197,0,0,"Parr, Mr William Henry Marsh",31.19418104,,Belfast,,,,1,1,0,0
198,0,0,"Partner, Mr Austin",31.19418104,Southampton,"Surbiton Hill, Surrey",,,-166,1,1,0,0
199,0,0,"Payne, Mr Vivian Ponsonby",22,Southampton,"Montreal, PQ",,,,1,1,0,0
200,0,0,"Pears, Mr Thomas",31.19418104,Southampton,"Isleworth, England",,,,1,1,0,0
201,0,1,"Pears, Mrs Thomas (Edith)",31.19418104,Southampton,"Isleworth, England",,,8,0,1,0,0
202,0,0,"Penasco, Mr Victor de Satode",18,Cherbourg,"Madrid, Spain",,,,1,1,0,0
203,0,1,"Penasco, Mrs Victor de Satode (Josefa de Soto)",17,Cherbourg,"Madrid, Spain",,,8,0,1,0,0
204,0,1,"Peuchen, Major Arthur Godfrey",52,Southampton,"Toronto, ON",C-104,,6,1,1,0,0
205,0,0,"Porter, Mr Walter Chamberlain",46,Southampton,"Worcester, MA",,,-207,1,1,0,0
206,0,1,"Potter, Mrs Thomas, Jr. (Lily Alexenia Wilson)",56,Cherbourg,"Mt Airy, Philadelphia, PA",,,7,0,1,0,0
207,0,0,"Reuchlin, Jonkheer John George",31.19418104,Southampton,"Rotterdam, Netherlands",,,,1,1,0,0
208,0,1,"Rheims, Mr George Lucien",31.19418104,Cherbourg,"Paris /  New York, NY",,17604 L39 12s,A,1,1,0,0
209,0,1,"Robert, Mrs Edward Scott (Elisabeth Walton McMillan)",43,Southampton,"St Louis, MO",B-3,24160 L221,2,0,1,0,0
210,0,0,"Roebling, Mr Washington Augustus 2nd",31,Southampton,"Trenton, NJ",,,,1,1,0,0
211,0,1,"Romaine, Mr Charles Hallace",31.19418104,Southampton,"New York, NY",,,15,1,1,0,0
212,0,0,"Rood, Mr Hugh R.",31.19418104,Southampton,"Seattle, WA",,,,1,1,0,0
213,0,1,"Rosenbaum (Russell), Miss Edith Louise",33,Cherbourg,"Paris, France",A-11,17613 L27 14s 5d,11,0,1,0,0
214,0,0,"Ross, Mr John Hugo",31.19418104,Cherbourg,"Winnipeg, MB",,,,1,1,0,0
215,0,1,"Rothes, the Countess of (Noel Lucy Martha Dyer-Edwardes)",27,Southampton,"London  Vancouver, BC",,,8,0,1,0,0
216,0,0,"Rothschild, Mr Martin",55,Cherbourg,"New York, NY",,,,1,1,0,0
217,0,1,"Rothschild, Mrs Martin (Elizabeth L. Barrett)",54,Cherbourg,"New York, NY",,,6,0,1,0,0
218,0,0,"Rowe, Mr Alfred G.",31.19418104,Southampton,London,,,-109,1,1,0,0
219,0,0,"Ryerson, Mr Arthur Larned",61,Cherbourg,"Haverford, PA / Cooperstown, NY",,17608 L262 7s 6d,,1,1,0,0
220,0,1,"Ryerson, Mrs Arthur Larned (Emily Maria Borie)",48,Cherbourg,"Haverford, PA / Cooperstown, NY",,17608 L262 7s 6d,4,0,1,0,0
221,0,1,"Ryerson, Miss Emily Borie",18,Cherbourg,"Haverford, PA / Cooperstown, NY",,17608 L262 7s 6d,4,0,1,0,0
222,0,1,"Ryerson, Master John Borie",13,Cherbourg,"Haverford, PA / Cooperstown, NY",,17608 L262 7s 6d,4,1,1,0,0
223,0,1,"Ryerson, Miss Susan (Suzette) Parker",21,Cherbourg,"Haverford, PA / Cooperstown, NY",,17608 L262 7s 6d,4,0,1,0,0
224,0,1,"Saalfeld, Mr Adolphe",31.19418104,Southampton,"Manchester, England",,,3,1,1,0,0
225,0,1,"Salomon, Mr Abraham L.",31.19418104,Southampton,"New York, NY",,,1,1,1,0,0
226,0,1,"Schabert, Mrs Paul (Emma Mock)",31.19418104,Cherbourg,"New York, NY",,,11,0,1,0,0
227,0,1,"Seward, Mr Frederic Kimber",34,Southampton,"New York, NY",,,7,1,1,0,0
228,0,1,"Shutes, Miss Elizabeth W.",40,Southampton,"New York, NY / Greenwich CT",C-125,17582 L153 9s 3d,3,0,1,0,0
229,0,1,"Silverthorne, Mr Spencer Victor",36,Southampton,"St Louis, MO",,,5,1,1,0,0
230,0,0,"Silvey, Mr William Baird",50,,"Duluth, MN",,,,1,1,0,0
231,0,1,"Silvey, Mrs William Baird (Alice Munger)",39,,"Duluth, MN",,,,0,1,0,0
232,0,1,"Simonius-Blumer, Col Alfons",56,,"Basel, Switzerland",,,3,1,1,0,0
233,0,1,"Sloper, Mr William Thompson",28,Southampton,"New Britain, CT",,,7,1,1,0,0
234,0,0,"Smart, Mr John Montgomery",56,Southampton,"New York, NY",,,,1,1,0,0
235,0,0,"Smith, Mr James Clinch",56,Cherbourg,"St James, Long Island, NY",,,,1,1,0,0
236,0,0,"Smith, Mr Lucien Philip",24,Southampton,"Huntington, WV",,,,1,1,0,0
237,0,1,"Smith, Mrs Lucien Philip (Mary Eloise Hughes",18,Southampton,"Huntington, WV",,,6,0,1,0,0
238,0,0,"Smith, Mr Richard William",31.19418104,Southampton,"Streatham, Surrey",,,,1,1,0,0
239,0,1,"Snyder, Mr John Pillsbury",24,Southampton,"Minneapolis, MN",,,7,1,1,0,0
240,0,1,"Snyder, Mrs John Pillsbury (Nelle Stevenson)",23,Southampton,"Minneapolis, MN",,,7,0,1,0,0
241,0,1,"Spedden, Mr Frederick Oakley",45,Cherbourg,"Tuxedo Park, NY",,,3,1,1,0,0
242,0,1,"Spedden, Mrs Frederick Oakley (Margaretta Corning Stone)",40,Cherbourg,"Tuxedo Park, NY",,,3,0,1,0,0
243,0,1,"Spedden, Master Robert Douglas",6,Cherbourg,"Tuxedo Park, NY",,,3,1,1,0,0
244,0,0,"Spencer, Mr William Augustus",57,Cherbourg,"Paris, France",,,,1,1,0,0
245,0,1,"Spencer, Mrs William Augustus (Marie Eugenie)",31.19418104,Cherbourg,"Paris, France",,,6,0,1,0,0
246,0,1,"Staehlin, Dr Max",32,Cherbourg,"Basel, Switzerland",,,3,1,1,0,0
247,0,0,"Stead, Mr William Thomas",62,Southampton,"Wimbledon Park, London / Hayling Island, Hants",C-89,,,1,1,0,0
248,0,1,"Stengel, Mr Charles Emil Henry",54,Cherbourg,"Newark, NJ",,,1,1,1,0,0
249,0,1,"Stengel, Mrs Charles Emil Henry (Annie May Morris)",43,Cherbourg,"Newark, NJ",,,5,0,1,0,0
250,0,1,"Stephenson, Mrs Walter Bertram (Martha Eustis)",52,,"Haverford, PA",,,4,0,1,0,0
251,0,0,"Stewart, Mr Albert A.",31.19418104,Cherbourg,"Gallipolis, Ohio / ? Paris / New York",,,,1,1,0,0
252,0,1,"Stone, Mrs George Nelson (Martha E.)",62,,"Cincinatti, OH",,,6,0,1,0,0
253,0,0,"Straus, Mr Isidor",67,Southampton,"New York, NY",,17483 L221 15s 7d,-96,1,1,0,0
254,0,0,"Straus, Mrs Isidor (Ida Blun)",63,Southampton,"New York, NY",,17483 L221 15s 7d,,0,1,0,0
255,0,0,"Sutton, Mr Frederick",61,Southampton,"Haddenfield, NJ",,,-46,1,1,0,0
256,0,1,"Swift, Mrs Frederick Joel (Margaret Welles Barron)",46,Southampton,"Brooklyn, NY",,,8,0,1,0,0
257,0,0,"Taussig, Mr Emil",52,Southampton,"New York, NY",,,,1,1,0,0
258,0,1,"Taussig, Mrs Emil (Tillie Mandelbaum)",39,Southampton,"New York, NY",,,8,0,1,0,0
259,0,1,"Taussig, Miss Ruth",18,Southampton,"New York, NY",,,8,0,1,0,0
260,0,1,"Taylor, Mr Elmer Zebley",48,Southampton,"London /  East Orange, NJ",C-126,,5,1,1,0,0
261,0,1,"Taylor, Mrs Elmer Zebley (Juliet Cummins Wright)",31.19418104,Southampton,"London /  East Orange, NJ",C-126,,5,0,1,0,0
262,0,0,"Thayer, Mr John Borland",49,Cherbourg,"Haverford, PA",,,,1,1,0,0
263,0,1,"Thayer, Mrs John Borland (Marian Longstreth Morris)",39,Cherbourg,"Haverford, PA",,,4,0,1,0,0
264,0,1,"Thayer, Mr John Borland, jr.",17,Cherbourg,"Haverford, PA",,,B,1,1,0,0
265,0,0,"Thorne, Mr George (alias of: Mr George Rosenshine)",46,Cherbourg,"New York, NY",,,,1,1,0,0
266,0,1,"Thorne, Mrs Gertrude Maybelle",31.19418104,Cherbourg,"New York, NY",,,D,0,1,0,0
267,0,1,"Tucker, Mr Gilbert Milligan, jr",31,Cherbourg,"Albany, NY",,,7,1,1,0,0
268,0,0,"Uruchurtu, Mr Manuel E.",31.19418104,Cherbourg,"Mexico City, Mexico",,,,1,1,0,0
269,0,0,"Van Derhoef, Mr Wyckoff",61,Southampton,"Brooklyn, NY",,,-245,1,1,0,0
270,0,0,"Walker, Mr William Anderson",47,Southampton,"East Orange, NJ",,,,1,1,0,0
271,0,0,"Warren, Mr Frank Manley",64,Cherbourg,"Portland, OR",,,,1,1,0,0
272,0,1,"Warren, Mrs Frank Manley (Anna S. Atkinson)",60,Cherbourg,"Portland, OR",,,5,0,1,0,0
273,0,0,"Weir, Col John",60,Southampton,"England Salt Lake City, Utah",,,,1,1,0,0
274,0,1,"White, Mrs J. Stuart (Ella Holmes)",55,Cherbourg,"New York, NY / Briarcliff Manor NY",,,8,0,1,0,0
275,0,0,"White, Mr Percival Wayland",54,Southampton,"Brunswick, ME",,,,1,1,0,0
276,0,0,"White, Mr Richard Frasar",21,Southampton,"Brunswick, ME",,,-169,1,1,0,0
277,0,0,"Wick, Mr George Dennick",57,Southampton,"Youngstown, OH",,,,1,1,0,0
278,0,1,"Wick, Mrs George Dennick (Martha Hitchcock)",45,Southampton,"Youngstown, OH",,,8,0,1,0,0
279,0,1,"Wick, Miss Mary Natalie",31,Southampton,"Youngstown, OH",C-7,,8,0,1,0,0
280,0,0,"Widener, Mr George Dunton",50,Cherbourg,"Elkins Park, PA",,,,1,1,0,0
281,0,1,"Widener, Mrs George Dunton (Eleanor Elkins)",50,Cherbourg,"Elkins Park, PA",,,4,0,1,0,0
282,0,0,"Widener, Mr Harry Elkins",27,Cherbourg,"Elkins Park, PA",,,,1,1,0,0
283,0,1,"Willard, Miss Constance",20,Southampton,"Duluth, MN",,,,0,1,0,0
284,0,0,"Williams, Mr Charles Duane",51,Cherbourg,"Geneva, Switzerland / Radnor, PA",,,,1,1,0,0
285,0,0,"Williams, Mr Fletcher Lambert",31.19418104,Southampton,"London, England",,,,1,1,0,0
286,0,1,"Williams, Mr Richard Norris II",21,Cherbourg,"Geneva, Switzerland / Radnor, PA",,,A,1,1,0,0
287,0,1,"Woolner, Mr Hugh",31.19418104,Southampton,"London, England",,,D,1,1,0,0
288,0,0,"Wright, Mr George",31.19418104,Southampton,"Halifax, NS",,,,1,1,0,0
289,0,1,"Young, Miss Marie Grice",36,Cherbourg,"New York, NY / Washington, DC",,,8,0,1,0,0
290,0,1,"Barber, Ms ",31.19418104,Southampton,,,,,0,1,0,0
291,0,1,"Bazzani, Ms Albina",31.19418104,Cherbourg,,,,,0,1,0,0
292,0,1,"Bidois, Miss Rosalie",31.19418104,Cherbourg,,,17754,,0,1,0,0
293,0,1,"Bird, Ms Ellen",31.19418104,Southampton,,C-97,17483,,0,1,0,0
294,0,1,"Bissetti, Ms Amelia",31.19418104,Cherbourg,,C-99,,,0,1,0,0
295,0,1,"Burns, Ms Elizabeth Margaret",31.19418104,Cherbourg,,,,,0,1,0,0
296,0,1,"Chaudanson, Ms 	Victorine",31.19418104,Cherbourg,,,17608,,0,1,0,0
297,0,1,"Cleaver, Ms Alice",31.19418104,Southampton,,C22,,11,0,1,0,0
298,0,1,"Daniels, Ms Sarah",31.19418104,Southampton,,C-22,,8,0,1,0,0
299,0,1,"Endres, Miss Caroline Louise",31.19418104,Cherbourg,"New York, NY",C-45,17754 L224 10s 6d,4,0,1,0,0
300,0,0,"Farthing, Mr John",31.19418104,Southampton,,C-55 (?C-95),17483,,1,1,0,0
301,0,0,"Fleming, Ms Margaret",31.19418104,Cherbourg,,,,4,0,1,0,0
302,0,1,"Francatelli, Ms Laura Mabel",31.19418104,Cherbourg,,,17485,,0,1,0,0
303,0,0,"Fry, Mr Richard",31.19418104,Southampton,,B-102,112058,,1,1,0,0
304,0,1,"Geiger, Miss Emily ",31.19418104,Cherbourg,,,,,0,1,0,0
305,0,0,"Giglio, Mr Victor",31.19418104,Cherbourg,,B-86,17593,,1,1,0,0
306,0,0,"Harrington, Mr Charles",31.19418104,Southampton,,,,,1,1,0,0
307,0,0,"Harrison, Mr William 	Henry",40,Southampton,,,112059,-110,1,1,0,0
308,0,0,"Hassah, Mr Hamad",31.19418104,Cherbourg,,,,,1,1,0,0
309,0,1,"Icabad (Icabod), Ms",31.19418104,,,,,,0,1,0,0
310,0,0,"Keeping, Mr Edwin",32,Cherbourg,,,,-45,1,1,0,0
311,0,1,"Kenchen, Ms Amelia",31.19418104,Southampton,,,,2,0,1,0,0
312,0,1,"LeRoy, Miss Berthe",31.19418104,Cherbourg,,,,2,0,1,0,0
313,0,0,"Lesneur, Mr Gustave",31.19418104,Cherbourg,,B-?,,,1,1,0,0
314,0,1,"Maloney, Ms",31.19418104,Southampton,,,,8,0,1,0,0
315,0,0,"Oliva, Mlle",31.19418104,Cherbourg,,,,,0,1,0,0
316,0,1,"Pericault, Ms",31.19418104,Southampton,,,,,0,1,0,0
317,0,0,"Ringhini, Mr Sante",33,Cherbourg,,,,-232,1,1,0,0
318,0,0,"Robbins, Mr Victor",31.19418104,Cherbourg,,C-62,17754,,1,1,0,0
319,0,1,"Segesser, Mlle. Emma",31.19418104,Cherbourg,,,,,0,1,0,0
320,0,0,"Seredeca, Ms",31.19418104,Southampton,,,,,0,1,0,0
321,0,0,"Ward, Ms Anna",31.19418104,Cherbourg,,,,,0,1,0,0
322,0,1,"Wilson, Ms Helen",31.19418104,Cherbourg,,,,,0,1,0,0
323,1,0,"Abelson, Mr Samuel",30,Cherbourg,"Russia New York, NY",,,,1,0,1,0
324,1,1,"Abelson, Mrs Samuel (Anna)",28,Cherbourg,"Russia New York, NY",,,12,0,0,1,0
325,1,0,"Andrew, Mr Edgar Samuel",18,Southampton,"Buenos Aires, Argentina / New Jersey, NJ",,,,1,0,1,0
326,1,0,"Andrew, Mr Frank",31.19418104,Southampton,"Cornwall, England Houghton, MI",,,,1,0,1,0
327,1,0,"Angle, Mr William A.",34,Southampton,"Warwick, England",,,,1,0,1,0
328,1,1,"Angle, Mrs William A. (Florence)",32,Southampton,"Warwick, England",,,,0,0,1,0
329,1,0,"Ashby, Mr John",57,Southampton,"West Hoboken, NJ",,,,1,0,1,0
330,1,0,"Bailey, Mr Percy Andrew",18,Southampton,"Penzance, Cornwall / Akron, OH",,,,1,0,1,0
331,1,0,"Baimbrigge, Mr Charles R.",23,Southampton,Guernsey,,,,1,0,1,0
332,1,1,"Balls, Mrs Ada E. Hall",36,Southampton,"Bristol, Avon / Jacksonville, FL",,,,0,0,1,0
333,1,0,"Banfield, Mr Frederick J.",28,Southampton,"Plymouth, Dorset / Houghton, MI",,,,1,0,1,0
334,1,0,"Bateman, Rev Robert James",51,Southampton,"Jacksonville, FL",,,-174,1,0,1,0
335,1,1,"Beane, Mr Edward",32,Southampton,"Norwich / New York, NY",,,,1,0,1,0
336,1,1,"Beane, Mrs Edward (Ethel Clarke)",19,Southampton,"Norwich / New York, NY",,,,0,0,1,0
337,1,0,"Beauchamp, Mr Henry James",28,Southampton,England,,,,1,0,1,0
338,1,1,"Becker, Mrs Allen Oliver (Nellie E. Baumgardner)",36,Southampton,"Guntur, India / Benton Harbour, MI",,230136 L39,11,0,0,1,0
339,1,1,"Becker, Miss Marion Louise",4,Southampton,"Guntur, India / Benton Harbour, MI",,230136 L39,11,0,0,1,0
340,1,1,"Becker, Master Richard F.",1,Southampton,"Guntur, India / Benton Harbour, MI",,230136 L39,11,1,0,1,0
341,1,1,"Becker, Miss Ruth Elizabeth",12,Southampton,"Guntur, India / Benton Harbour, MI",,230136 L39,13,0,0,1,0
342,1,1,"Beesley, Mr Lawrence",34,Southampton,London,D-56,248698 L13,13,1,0,1,0
343,1,1,"Bentham, Miss Lilian W.",19,Southampton,"Rochester, NY",,,12,0,0,1,0
344,1,0,"Berriman, Mr William S.",23,Southampton,"St Ives, Cornwall / Calumet, MI",,,,1,0,1,0
345,1,0,"Botsford, Mr William Hull",26,Southampton,"Elmira, NY / Orange, NJ",,,,1,0,1,0
346,1,0,"Bowenur, Mr Solomon",31.19418104,Southampton,London,,,,1,0,1,0
347,1,0,"Bracken, Mr James H.",27,Southampton,"Lake Arthur, Chavez County, NM",,,,1,0,1,0
348,1,1,"Brown, Miss Edith E.",15,Southampton,"Cape Town, South Africa / Seattle, WA",,,14,0,0,1,0
349,1,0,"Brown, Mr Thomas William Solomon",45,Southampton,"Cape Town, South Africa / Seattle, WA",,,,1,0,1,0
350,1,1,"Brown, Mrs Thomas William Solomon (Elizabeth C.)",40,Southampton,"Cape Town, South Africa / Seattle, WA",,,14,0,0,1,0
351,1,1,"Bryhl, Miss Dagmar",20,Southampton,"Skara, Sweden / Rockford, IL",,,12,0,0,1,0
352,1,0,"Bryhl, Mr Kurt Arnold Gottfrid",25,Southampton,"Skara, Sweden / Rockford, IL",,,,1,0,1,0
353,1,1,"Buss, Miss Kate",36,Southampton,"Sittingbourne, England / San Diego, CA",E-?,27849,9,0,0,1,0
354,1,0,"Butler, Mr Reginald Fenton",25,Southampton,"Southsea, Hants",,,-97,1,0,1,0
355,1,0,"Byles, Rev. Thomas Roussel D.",31.19418104,Southampton,London,,,,1,0,1,0
356,1,1,"Bystrom, Mrs Carolina",42,Southampton,"New York, NY",,,,0,0,1,0
357,1,1,"Caldwell, Mr Albert Francis",26,Southampton,"Bangkok, Thailand / Roseville, IL",,,13,1,0,1,0
358,1,1,"Caldwell, Mrs Albert Francis (Sylvia Mae Harbaugh)",26,Southampton,"Bangkok, Thailand / Roseville, IL",,,13,0,0,1,0
359,1,1,"Caldwell, Master Alden Gates",0.8333,Southampton,"Bangkok, Thailand / Roseville, IL",,,13,1,0,1,0
360,1,1,"Cameron, Miss Clear",31,Southampton,"Mamaroneck, NY",,,,0,0,1,0
361,1,0,"Campbell, Mr William",31.19418104,,Belfast,,,,1,0,1,0
362,1,0,"Carbines, Mr William",19,Southampton,"St Ives, Cornwall / Calumet, MI",,,-18,1,0,1,0
363,1,0,"Carter, Rev Ernest Courtenay",54,Southampton,London,,,,1,0,1,0
364,1,0,"Carter, Mrs Ernest Courtenay (Lillian Hughes)",44,Southampton,London,,,,0,0,1,0
365,1,0,"Chapman, Mr Charles Henry",52,Southampton,"Bronx, NY",,,-130,1,0,1,0
366,1,0,"Chapman, Mr John Henry",30,Southampton,"Cornwall / Spokane, WA",,,-17,1,0,1,0
367,1,0,"Chapman, Mrs John Henry (Elizabeth Lawry)",30,Southampton,"Cornwall / Spokane, WA",,,,0,0,1,0
368,1,1,"Christy, Mrs Alice Frances",31.19418104,Southampton,London,,,,0,0,1,0
369,1,1,"Christy, Miss Julie",31.19418104,Southampton,London,,,,0,0,1,0
370,1,0,"Clarke, Mr Charles V.",29,Southampton,"England / San Francisco, CA",,,,1,0,1,0
371,1,1,"Clarke, Mrs Charles V. (Ada Maria)",31.19418104,Southampton,"England / San Francisco, CA",,,14,0,0,1,0
372,1,0,"Coleridge, Mr Reginald Charles",29,Southampton,"Hartford, Huntingdonshire",,,,1,0,1,0
373,1,0,"Collander, Mr Erik",27,Southampton,"Helsinki, Finland Ashtabula, Ohio",,,,1,0,1,0
374,1,1,"Collett, Mr Sidney C. Stuart",24,Southampton,"London / Fort Byron, NY",,,9,1,0,1,0
375,1,0,"Collyer, Mr Harvey",35,Southampton,"Bishopstoke, Hants / Fayette Valley, ID",,,,1,0,1,0
376,1,1,"Collyer, Mrs Harvey (Charlotte Tate)",31,Southampton,"Bishopstoke, Hants / Fayette Valley, ID",,,14,0,0,1,0
377,1,1,"Collyer, Miss Marjorie",8,Southampton,"Bishopstoke, Hants / Fayette Valley, ID",,,14,0,0,1,0
378,1,0,"Cook, Mrs Selena Rogers",22,Southampton,Pennsylvania,F-33,,14,0,0,1,0
379,1,0,"Corbett, Mrs Walter H. (Irene Colvin)",30,Southampton,"Provo, UT",,,,0,0,1,0
380,1,0,"Corey, Mrs Percy C. (Mary Phyllis Elizabeth Miller)",31.19418104,Southampton,"Upper Burma, India Pittsburgh, PA",,,,0,0,1,0
381,1,0,"Cotterill, Mr Harry",20,Southampton,"Penzance, Cornwall / Akron, OH",,,,1,0,1,0
382,1,0,"Cunningham, Mr Alfred Fleming",31.19418104,,Belfast,,,,1,0,1,0
383,1,0,"Davies, Mr Charles Henry",21,Southampton,"Lyndhurst, England",,,,1,0,1,0
384,1,1,"Davis, Mrs Agnes",49,Southampton,"St Ives, Cornwall / Hancock, MI",,,,0,0,1,0
385,1,1,"Davis, Master John Morgan",8,Southampton,"St Ives, Cornwall / Hancock, MI",,,,1,0,1,0
386,1,1,"Davis, Miss Mary",28,Southampton,"London / Staten Island, NY",,,13,0,0,1,0
387,1,0,"Deacon, Mr Percy",18,Southampton,,,,,1,0,1,0
388,1,0,"de Brito, Mr Jose Joaquim",31.19418104,,"Portugal / Sau Paulo, Brazil",,,,1,0,1,0
389,1,0,"del Carlo, Mr Sebastiano",28,Cherbourg,"Lucca, Italy / California",,,-295,1,0,1,0
390,1,1,"del Carlo, Mrs Sebastiano (Argenia Genovese)",22,Cherbourg,"Lucca, Italy / California",,,,0,0,1,0
391,1,0,"Denbury, Mr Herbert",25,Southampton,"Guernsey / Elizabeth, NJ",,,,1,0,1,0
392,1,0,"Dibden, Mr William",18,Southampton,"New Forest, England",,,,1,0,1,0
393,1,1,"Doling, Mrs Ada",32,Southampton,Southampton,,,,0,0,1,0
394,1,1,"Doling, Miss Elsie",18,Southampton,Southampton,,,,0,0,1,0
395,1,0,"Downton (?Douton), Mr William James",31.19418104,Southampton,"Holley, NY",,,,1,0,1,0
396,1,0,"Drew, Mr James Vivian",42,Southampton,"Greenport, NY",,28220 L32 10s,,1,0,1,0
397,1,1,"Drew, Mrs James Vivian (Lulu Thorne Christian)",34,Southampton,"Greenport, NY",,28220 L32 10s,,0,0,1,0
398,1,1,"Drew, Master Marshall Brines",8,Southampton,"Greenport, NY",,28220 L32 10s,,1,0,1,0
399,1,1,"Duran y More, Miss Asuncion",31.19418104,Cherbourg,"Barcelona, Spain / Havana, Cuba",,,12,0,0,1,0
400,1,1,"Duran y More, Miss Florentina",31.19418104,Cherbourg,"Barcelona, Spain / Havana, Cuba",,,12,0,0,1,0
401,1,0,"Eitemiller, Mr George Floyd",23,Southampton,"England / Detroit, MI",,,,1,0,1,0
402,1,0,"Enander, Mr Ingvar",21,Southampton,"Goteborg, Sweden / Rockford, IL",,,,1,0,1,0
403,1,0,"Fahlstrom, Mr Arne Jonas",19,Southampton,"Oslo, Norway Bayonne, NJ",,,,1,0,1,0
404,1,0,"Faunthorpe, Mr Harry",31.19418104,Southampton,"England / Philadelphia, PA",,,-286,1,0,1,0
405,1,1,"Faunthorpe, Mrs Lizzie (see Wilkinson, E.)",31.19418104,,,,,,0,0,1,0
406,1,0,"Fillbrook, Mr Charles",31.19418104,Southampton,"Cornwall / Houghton, MI",,,,1,0,1,0
407,1,0,"Fox, Mr Stanley H.",38,Southampton,"Rochester, NY",,229236 L13,-236,1,0,1,0
408,1,0,"Frost, Mr Anthony (Archie) W.",31.19418104,,Belfast,,,,1,0,1,0
409,1,0,"Funk, Miss Annie C.",38,Southampton,"Janjgir, India / Pennsylvania",,,,0,0,1,0
410,1,0,"Fynney, Mr Joseph J.",35,Southampton,"Liverpool / Montreal, PQ",,,-322,1,0,1,0
411,1,0,"Gale, Mr Harry",35,Southampton,"Cornwall / Clear Creek, CO",,,,1,0,1,0
412,1,0,"Gale, Mr Shadrach",38,Southampton,"Cornwall / Clear Creek, CO",,,,1,0,1,0
413,1,1,"Garside, Miss Ethel",24,Southampton,"Brooklyn, NY",,,,0,0,1,0
414,1,0,"Gaskell, Mr Alfred",16,Southampton,"Liverpool / Montreal, PQ",,,,1,0,1,0
415,1,0,"Gavey, Mr Lawrence",26,Southampton,"Guernsey / Elizabeth, NJ",,,,1,0,1,0
416,1,0,"Gilbert, Mr William",45,Southampton,Cornwall,,,,1,0,1,0
417,1,0,"Giles, Mr Edgar",24,Southampton,"Cornwall / Camden, NJ",,,,1,0,1,0
418,1,0,"Giles, Mr Frederick",21,Southampton,"Cornwall / Camden, NJ",,,,1,0,1,0
419,1,0,"Giles, Mr Ralph",22,Southampton,"West Kensington, London",,,-297,1,0,1,0
420,1,0,"Gill, Mr John W.",31.19418104,Southampton,"Clevedon, England",,,,1,0,1,0
421,1,0,"Gillespie, Mr William",34,Southampton,"Vancouver, BC",,,,1,0,1,0
422,1,0,"Givard, Mr Hans Christensen",30,Southampton,,,,-305,1,0,1,0
423,1,0,"Greenberg, Mr Samuel",50,Southampton,"Bronx, NY",,,-19,1,0,1,0
424,1,0,"Hale, Mr Reginald",30,Southampton,"Auburn, NY",,,-75,1,0,1,0
425,1,1,"Hamalainen, Mrs William (Anna)",23,Southampton,"Detroit, MI",,,,0,0,1,0
426,1,1,"Hamalainen, Master Viljo",1,Southampton,"Detroit, MI",,,,1,0,1,0
427,1,0,"Harbeck, Mr William H.",44,Southampton,"Seattle, WA / Toledo, OH",,248749 L13,-35,1,0,1,0
428,1,0,"Harper, Rev John",28,Southampton,"Denmark Hill, Surrey / Chicago",,,,1,0,1,0
429,1,1,"Harper, Miss Nina",6,Southampton,"Denmark Hill, Surrey / Chicago",,,11,0,0,1,0
430,1,1,"Harris, Mr George",30,Southampton,London,,,,1,0,1,0
431,1,0,"Harris, Mr Walter",31.19418104,Southampton,"Walthamstow, England",,,,1,0,1,0
432,1,0,"Hart, Mr Benjamin",43,Southampton,"Ilford, Essex / Winnipeg, MB",,13529 L26 5s,,1,0,1,0
433,1,1,"Hart, Mrs Benjamin (Esther)",45,Southampton,"Ilford, Essex / Winnipeg, MB",,13529 L26 5s,14,0,0,1,0
434,1,1,"Hart, Miss Eva Miriam",7,Southampton,"Ilford, Essex / Winnipeg, MB",,13529 L26 5s,14,0,0,1,0
435,1,1,"Herman, Miss Alice",24,Southampton,"Somerset / Bernardsville, NJ",,,9,0,0,1,0
436,1,1,"Herman, Miss Kate",24,Southampton,"Somerset / Bernardsville, NJ",,,9,0,0,1,0
437,1,0,"Herman, Mr Samuel",49,Southampton,"Somerset / Bernardsville, NJ",,,,1,0,1,0
438,1,1,"Herman, Mrs Samuel (Jane Laver)",48,Southampton,"Somerset / Bernardsville, NJ",,,9,0,0,1,0
439,1,1,"Hewlett, Mrs Mary D.",31.19418104,Southampton,"India / Rapid City, SD",,,13,0,0,1,0
440,1,0,"Hickman, Mr Leonard Mark",34,Southampton,"West Hampstead, London / Neepawa, MB",,,-256,1,0,1,0
441,1,0,"Hickman, Mr Lewis",32,Southampton,"West Hampstead, London / Neepawa, MB",,,,1,0,1,0
442,1,0,"Hickman, Mr Stanley George",21,Southampton,"West Hampstead, London / Neepawa, MB",,,,1,0,1,0
443,1,0,"Hiltunen, Miss Marta",18,Southampton,"Kontiolahti, Finland / Detroit, MI",,,,0,0,1,0
444,1,1,"Hocking, Mrs Elizabeth",53,Southampton,"Cornwall / Akron, OH",,,4,0,0,1,0
445,1,0,"Hocking, Mr George",23,Southampton,"Cornwall / Akron, OH",,,,1,0,1,0
446,1,1,"Hocking, Miss Ellen (Nellie)",21,Southampton,"Cornwall / Akron, OH",,,4,0,0,1,0
447,1,0,"Hocking, Mr Samuel James",31.19418104,Southampton,"Devonport, England",,,,1,0,1,0
448,1,0,"Hodges, Mr Henry Price",52,Southampton,Southampton,,,-149,1,0,1,0
449,1,0,"Hold, Mr Stephen",42,Southampton,"England / Sacramento, CA",,,,1,0,1,0
450,1,1,"Hold, Mrs Stephen (Annie Margaret)",36,Southampton,"England / Sacramento, CA",,,,0,0,1,0
451,1,0,"Hood, Mr Ambrose, Jr",21,Southampton,"New Forest, England",,,,1,0,1,0
452,1,1,"Hosono, Mr Masafumi",41,Southampton,"Tokyo, Japan",,,13,1,0,1,0
453,1,0,"Howard, Mr Benjamin",31.19418104,Southampton,"Swindon, England",,,,1,0,1,0
454,1,0,"Howard, Mrs Benjamin (Ellen Truelove)",31.19418104,Southampton,"Swindon, England",,,,0,0,1,0
455,1,0,"Hunt, Mr George Henry",33,Southampton,"Philadelphia, PA",,,,1,0,1,0
456,1,1,"Ilett, Miss Bertha",17,Southampton,Guernsey,,,,0,0,1,0
457,1,0,Jacobsohn Mr Sidney Samuel,31.19418104,Southampton,London,,,,1,0,1,0
458,1,1,"Jacobsohn, Mrs Sidney Samuel (Amy Frances Christy)",31.19418104,Southampton,London,,,,0,0,1,0
459,1,0,"Jarvis, Mr John Denzil",31.19418104,Southampton,"North Evington, England",,,,1,0,1,0
460,1,0,"Jefferys, Mr Clifford",31.19418104,Southampton,"Guernsey / Elizabeth, NJ",,,,1,0,1,0
461,1,0,"Jefferys, Mr Ernest",31.19418104,Southampton,"Guernsey / Elizabeth, NJ",,,,1,0,1,0
462,1,0,"Jenkin, Mr Stephen Curnow",31.19418104,Southampton,"St Ives, Cornwall / Houghton, MI",,,,1,0,1,0
463,1,1,"Jerwan, Mrs Amin S. (Marie Thuillard)",23,Cherbourg,"New York, NY",,,,0,0,1,0
464,1,0,"Kantor, Mr Sinai",34,Southampton,"Moscow / Bronx, NY",,,-283,1,0,1,0
465,1,1,"Kantor, Mrs Sinai (Miriam Sternim)",31.19418104,Southampton,"Moscow / Bronx, NY",,,,0,0,1,0
466,1,0,"Karnes, Mrs J. Frank (Claire Bennett)",22,Southampton,"India / Pittsburgh, PA",,,,0,0,1,0
467,1,0,"Keane, Mr Daniel",31.19418104,Queenstown,,,,,1,0,1,0
468,1,1,"Keane, Miss Nora A.",31.19418104,Queenstown,"Harrisburg, PA",E-101,,10,0,0,1,0
469,1,1,"Kelly, Mrs Florence (Fannie)",45,Southampton,"London / New York, NY",,,,0,0,1,0
470,1,0,"Kirkland, Rev Charles Leonard",31.19418104,Queenstown,"Glasgow / Bangor, ME",,,,1,0,1,0
471,1,0,"Knight, Mr Robert",31.19418104,,Belfast,,,,1,0,1,0
472,1,0,"Kvillner, Mr Johan Henrik Johannesson",31,Southampton,"Sweden / Arlington, NJ",,,-165,1,0,1,0
473,1,0,"Lahtinen, Rev William",30,Southampton,"Minneapolis, MN",,,,1,0,1,0
474,1,0,"Lahtinen, Mrs William (Anna Sylvan)",26,Southampton,"Minneapolis, MN",,,,0,0,1,0
475,1,0,"Lamb, Mr John James",31.19418104,Queenstown,,,,,1,0,1,0
476,1,1,"Lemore, Mrs Amelia",34,Southampton,"Chicago, IL",F-33,,14/D,0,0,1,0
477,1,0,"LaRoche, Mr Joseph",26,Cherbourg,Paris / Haiti,,,,1,0,1,0
478,1,1,"LaRoche, Mrs Joseph (Juliet)",22,Cherbourg,Paris / Haiti,,,,0,0,1,0
479,1,1,"LaRoche, Miss Louise",1,Cherbourg,Paris / Haiti,,,,0,0,1,0
480,1,1,"LaRoche, Miss Simonne",3,Cherbourg,Paris / Haiti,,,,0,0,1,0
481,1,1,"Lehmann, Miss Bertha",31.19418104,Cherbourg,"Berne, Switzerland / Central City, IA",,,,0,0,1,0
482,1,1,"Leitch, Miss Jessie",31.19418104,Southampton,"London / Chicago, IL",,,11,0,0,1,0
483,1,0,"Levy, Mr Rene Jacques",31.19418104,Cherbourg,"Montreal, PQ",,,,1,0,1,0
484,1,0,"Leyson, Mr Robert William Norman",25,Southampton,,,,-108,1,0,1,0
485,1,0,"Lingan, Mr John",31.19418104,Queenstown,,,,,1,0,1,0
486,1,0,"Louch, Mr Charles Alexander",48,Southampton,"Weston-Super-Mare, Somerset",,,-121,1,0,1,0
487,1,1,"Louch, Mrs Charles Alexander (Alice Adelaide)",31.19418104,Southampton,"Weston-Super-Mare, Somerset",,,14,0,0,1,0
488,1,0,"Mack, Mrs Mary",57,Southampton,"Southampton / New York, NY",E77,,-52,0,0,1,0
489,1,0,"Malachard, Mr Noel",31.19418104,Cherbourg,Paris,,,,1,0,1,0
490,1,0,"Mallet, Mr Albert",31.19418104,Cherbourg,"Paris / Montreal, PQ",,,,1,0,1,0
491,1,1,"Mallet, Mrs Albert (Antoinette)",31.19418104,Cherbourg,"Paris / Montreal, PQ",,,,0,0,1,0
492,1,1,"Mallet, Master Andre",2,Cherbourg,"Paris / Montreal, PQ",,,,1,0,1,0
493,1,0,"Mangiavacchi, Mr Serafino Emilio",31.19418104,Cherbourg,"New York, NY",,,,1,0,1,0
494,1,0,"Mantvila, Rev Joseph",27,Southampton,"Worcester, MA",,,,1,0,1,0
495,1,1,"Marshall, Mrs Kate Louise Phillips",19,Southampton,"Worcester, England",,,,0,0,1,0
496,1,0,"Matthews, Mr William John",30,Southampton,"St Austall, Cornwall",,,,1,0,1,0
497,1,0,"Maybery, Mr Frank H.",20,Southampton,"Weston-Super-Mare / Moose Jaw, SK",,,,1,0,1,0
498,1,0,"McCrae, Mr Arthur Gordon",45,Southampton,"Sydney, Australia",,,-209,1,0,1,0
499,1,0,"McCrie, Mr James Matthew",31.19418104,Southampton,"Sarnia, ON",,,,1,0,1,0
500,1,0,"McKane, Mr Peter D.",46,Southampton,"Rochester, NY",,,,1,0,1,0
501,1,1,"Mellenger, Mrs Elizabeth Anne",41,Southampton,"England / Bennington, VT",,,14-dic,0,0,1,0
502,1,1,"Mellenger, Miss Madeleine Violet",13,Southampton,"England / Bennington, VT",,,14-dic,0,0,1,0
503,1,1,"Mellor, Mr William John",19,Southampton,"Chelsea, London",,,B,1,0,1,0
504,1,0,"Meyer, Mr August",30,Southampton,"Harrow-on-the-Hill, Middlesex",,,,1,0,1,0
505,1,0,"Milling, Mr Jacob Christian",48,Southampton,"Copenhagen, Denmark",,,-271,1,0,1,0
506,1,0,"Mitchell, Mr Henry Michael",71,Southampton,"Guernsey / Montclair, NJ and/or Toledo, Ohio",,,,1,0,1,0
507,1,0,"Moraweck, Dr Ernest",54,Southampton,"Frankfort, KY",,,,1,0,1,0
508,1,0,"Morley, Mr William",31.19418104,Southampton,"Petworth, Sussex",,,,1,0,1,0
509,1,0,"Mudd, Mr Thomas C.",31.19418104,Southampton,"Halesworth, England",,,,1,0,1,0
510,1,0,"Myles, Mr Thomas Francis",64,Queenstown,"Cambridge, MA",,,,1,0,1,0
511,1,0,"Nasser (Nasrallah), Mr Nicholas",32,Cherbourg,"New York, NY",,,-43,1,0,1,0
512,1,1,"Nasser (Nasrallah), Mrs Nicholas",18,Cherbourg,"New York, NY",,,,0,0,1,0
513,1,1,"Navratil, Master Edmond Roger",2,Southampton,"Nice, France",,230080 L26,D,1,0,1,0
514,1,0,"Navratil, Mr Michel",32,Southampton,"Nice, France",,230080 L26,-15,1,0,1,0
515,1,1,"Navratil, Master Michel M.",3,Southampton,"Nice, France",,230080 L26,D,1,0,1,0
516,1,0,"Nesson, Mr Israel",26,Southampton,"Boston, MA",,,,1,0,1,0
517,1,0,"Nicholls, Mr Joseph Charles",19,Southampton,"Cornwall / Hancock, MI",,,-101,1,0,1,0
518,1,0,"Norman, Mr Robert Douglas",31.19418104,Southampton,Glasgow,,,-287,1,0,1,0
519,1,1,"Nourney, Mr Alfred (aka Baron von Drachstedt)",20,Cherbourg,"Cologne, Germany",D-38,,7,1,0,1,0
520,1,1,"Nye, Mrs Elizabeth Ramell",29,Southampton,"Folkstone, Kent / New York, NY",F-33,,11,0,0,1,0
521,1,0,"Otter, Mr Richard",39,Southampton,"Middleburg Heights, OH",,,,1,0,1,0
522,1,1,"Oxenham, Mr Percy Thomas",22,Southampton,"Pondersend, England / New Durham, NJ",,,,1,0,1,0
523,1,1,"Padro y Manent, Mr Julian",31.19418104,Cherbourg,"Spain / Havana, Cuba",,,,1,0,1,0
524,1,0,"Pain, Dr Alfred",24,Southampton,"Hamilton, ON",,,,1,0,1,0
525,1,1,"Pallas y Castello, Mr Emilio",31.19418104,Cherbourg,"Spain / Havana, Cuba",,,,1,0,1,0
526,1,0,"Parker, Mr Clifford R.",28,Southampton,"St Andrews, Guernsey",,,,1,0,1,0
527,1,0,"Parkes, Mr Francis (Frank)",31.19418104,,Belfast,,,,1,0,1,0
528,1,1,"Parrish, Mrs Lutie Davis",50,Southampton,"Woodford County, KY",,,12,0,0,1,0
529,1,0,"Pengelly, Mr Frederick",20,Southampton,"Gunnislake, England / Butte, MT",,,,1,0,1,0
530,1,0,"Peruschitz, Rev. Joseph M.",40,Southampton,,,,,1,0,1,0
531,1,1,"Phillips, Miss Alice",42,Southampton,"Ilfracombe, Devon",,,12,0,0,1,0
532,1,0,"Phillips, Mr Robert",21,Southampton,"Ilfracombe, Devon",,,,1,0,1,0
533,1,1,"Pinsky, Miss Rosa",32,Southampton,Russia,,,,0,0,1,0
534,1,0,"Ponesell, Mr Martin",34,Southampton,"Denmark / New York, NY",,250647,,1,0,1,0
535,1,1,"Portaluppi, Mr Emilio",31.19418104,Cherbourg,"Milford, NH",,,,1,0,1,0
536,1,0,"Pulbaum, Mr Frank",31.19418104,Cherbourg,Paris,,,,1,0,1,0
537,1,1,"Quick, Mrs Frederick C. (Jane Richards)",33,Southampton,"Plymouth, Devon / Detroit, MI",,,11,0,0,1,0
538,1,1,"Quick, Miss Phyllis May",2,Southampton,"Plymouth, Devon / Detroit, MI",,,11,0,0,1,0
539,1,1,"Quick, Miss Winifred Vera",8,Southampton,"Plymouth, Devon / Detroit, MI",,,11,0,0,1,0
540,1,0,"Reeves, Mr David",36,Southampton,"Brighton, Sussex",,,,1,0,1,0
541,1,0,"Renouf, Mr Peter Henry",34,Southampton,"Elizabeth, NJ",,,,1,0,1,0
542,1,1,"Renouf, Mrs Peter Henry (Lillian Jefferys)",30,Southampton,"Elizabeth, NJ",,,,0,0,1,0
543,1,1,"Reynaldo, Mrs Encarnacion",28,Southampton,Spain,,,,0,0,1,0
544,1,0,"Richard, Mr Emil",23,Cherbourg,"Paris / Montreal, PQ",,,,1,0,1,0
545,1,1,"Richards, Master George Sidney",0.8333,Southampton,"Cornwall / Akron, OH",,,4,1,0,1,0
546,1,1,"Richards, Mrs Sidney (Emily Hocking)",25,Southampton,"Cornwall / Akron, OH",,,4,0,0,1,0
547,1,1,"Richards, Master William Rowe",3,Southampton,"Cornwall / Akron, OH",,,4,1,0,1,0
548,1,1,"Ridsdale, Miss Lucy",50,Southampton,"London, England / Marietta, Ohio and Milwaukee, WI",,,,0,0,1,0
549,1,0,"Rogers, Mr Harry",31.19418104,Southampton,,,,,1,0,1,0
550,1,1,"Rugg, Miss Emily",21,Southampton,"Guernsey / Wilmington, DE",,,12,0,0,1,0
551,1,0,"Sedgwick, Mr Charles Frederick Waddington",31.19418104,Southampton,Liverpool,,,,1,0,1,0
552,1,0,"Sharp, Mr Percival",31.19418104,Southampton,"Hornsey, England",,,,1,0,1,0
553,1,1,"Shelley, Mrs William (Imanita)",25,Southampton,"Deer Lodge, MT",,,12,0,0,1,0
554,1,1,"Silven, Miss Lyyli",18,Southampton,"Finland / Minneapolis, MN",,,,0,0,1,0
555,1,1,"Sincock, Miss Maude",20,Southampton,"Cornwall / Hancock, MI",,,11,0,0,1,0
556,1,1,"Siukonnen, Miss Anna",30,Southampton,"Finland / Washington, DC",,,,0,0,1,0
557,1,0,"Sjostedt, Mr Ernst Adolf",59,Southampton,"Sault St Marie, ON",,,,1,0,1,0
558,1,1,"Slayter, Miss Hilda Mary",30,Queenstown,"Halifax, NS",,,13,0,0,1,0
559,1,0,"Slemen, Mr Richard James",35,Southampton,Cornwall,,,,1,0,1,0
560,1,0,"Smith (Schmidt), Mr Augustus",22,Southampton,"Newark, NJ",,,,1,0,1,0
561,1,1,"Smith, Miss Marion",31.19418104,Southampton,,,,,0,0,1,0
562,1,0,"Sobey, Mr Hayden",25,Southampton,"Cornwall / Houghton, MI",,,,1,0,1,0
563,1,0,"Stanton, Mr Samuel Ward",41,Cherbourg,"New York, NY",,,,1,0,1,0
564,1,0,"Stokes, Mr Philip Joseph",25,Southampton,"Catford, Kent / Detroit, MI",,,-81,1,0,1,0
565,1,0,"Sweet, Mr George",14,Southampton,"Somerset / Bernardsville, NJ",,,,1,0,1,0
566,1,1,"Toomey, Miss Ellen",50,Southampton,"Indianapolis, IN",,,9,0,0,1,0
567,1,0,"Troupiansky, Mr Moses Aaron",22,Southampton,,,,,1,0,1,0
568,1,1,"Trout, Mrs William H. (Jessie L.)",31.19418104,Southampton,"Columbus, OH",,,9,0,0,1,0
569,1,1,"Troutt, Miss Edwina Celia",27,Southampton,"Bath, England / Massachusetts",E-101,34218 L10 10s,16,0,0,1,0
570,1,0,"Turpin, Mr William John",29,Southampton,"Plymouth, England",,,,1,0,1,0
571,1,0,"Turpin, Mrs William John (Dorothy Anne Wonnacott)",27,Southampton,"Plymouth, England",,,,0,0,1,0
572,1,0,"Veale, Mr James",30,Southampton,"Barre, Co Washington, VT",,,,1,0,1,0
573,1,0,"Waelens, Mr Achille",22,Southampton,"Antwerp, Belgium / Stanton, OH",,,-140,1,0,1,0
574,1,1,"Walcroft, Miss Nellie",35,Southampton,"Mamaroneck, NY",,,,0,0,1,0
575,1,0,"Ware, Mr John James",30,Southampton,"Bristol, England / New Britain, CT",,,,1,0,1,0
576,1,1,"Ware, Mrs John James (Florence Louise Long)",28,Southampton,"Bristol, England / New Britain, CT",,,12,0,0,1,0
577,1,0,"Ware, Mr William J.",23,Southampton,,,,,1,0,1,0
578,1,0,"Watson, Mr Ennis Hastings",31.19418104,Southampton,Belfast,,,,1,0,1,0
579,1,1,"Watt, Miss Bertha",12,Southampton,"Aberdeen / Portland, OR",,,9,0,0,1,0
580,1,1,"Watt, Mrs James (Bessie Inglis Milne)",40,Southampton,"Aberdeen / Portland, OR",,,9,0,0,1,0
581,1,1,"Webber, Miss Susan",36,Southampton,"England / Hartford, CT",E-101,,,0,0,1,0
582,1,0,"Weisz, Mr Leopold",28,Southampton,"Bromsgrove, England / Montreal, PQ",,,-293,1,0,1,0
583,1,1,"Weisz, Mrs Leopold (Mathilde)",32,Southampton,"Bromsgrove, England / Montreal, PQ",,,,0,0,1,0
584,1,1,"Wells, Mrs Arthur H. (Addie Trevaskis)",29,Southampton,"Cornwall / Akron, OH",,,,0,0,1,0
585,1,1,"Wells, Miss Joan",4,Southampton,"Cornwall / Akron, OH",,,,0,0,1,0
586,1,1,"Wells, Master Ralph Lester",2,Southampton,"Cornwall / Akron, OH",,,,1,0,1,0
587,1,1,"West, Miss Barbara J.",31.19418104,Southampton,"Bournmouth, England",,,,0,0,1,0
588,1,1,"West, Miss Constance Mirium",31.19418104,Southampton,"Bournmouth, England",,,,0,0,1,0
589,1,0,"West, Mr Edwy Arthur",36,Southampton,"Bournmouth, England",,,,1,0,1,0
590,1,1,"West, Mrs Edwy Arthur (Ada Mary)",33,Southampton,"Bournmouth, England",,,,0,0,1,0
591,1,0,"Wheadon, Mr Edward",31.19418104,Southampton,"Guernsey, England / Edgewood, RI",,,,1,0,1,0
592,1,0,"Wheeler, Mr Edwin",31.19418104,Southampton,,,,,1,0,1,0
593,1,0,"Wheeler, Mr Frederick",31.19418104,,,,,,1,0,1,0
594,1,1,"Wilhelms, Mr Charles",32,Southampton,"London, England",,,9,1,0,1,0
595,1,1,"Wilkinson, Mrs Elizabeth Anne",31.19418104,Southampton,"Manchester, England",,,,0,0,1,0
596,1,1,"Williams, Mr Charles Eugene",31.19418104,Southampton,"Harrow, England",,,14,1,0,1,0
597,1,1,"Wright, Miss Marion",26,Southampton,"Yoevil, England / Cottage Grove, OR",,,9,0,0,1,0
598,1,0,"Yrois, Miss Henriette",31.19418104,Southampton,Paris,,,,0,0,1,0
599,1,0,"Aldworth, Mr Charles Augustus",30,Southampton,"Bryn Mawr, PA, USA",,248744 L13,,1,0,1,0
600,1,1,"Brown, Miss Mildred",24,Southampton,"London / Montreal, PQ",F-33,,11,0,0,1,0
601,1,0,"Pernot, Mr Rene",31.19418104,Cherbourg,,2131,L15 1s,,1,0,1,0
602,1,0,"Swane, Mr George",18,Southampton,,F-?,,-294,1,0,1,0
603,2,0,"Abbing, Mr Anthony",42,Southampton,,,,,1,0,0,1
604,2,0,"Abbott, Master Eugene Joseph",13,Southampton,"East Providence, RI",,,,1,0,0,1
605,2,0,"Abbott, Mr Rossmore Edward",16,Southampton,"East Providence, RI",,,-190,1,0,0,1
606,2,1,"Abbott, Mrs Stanton (Rosa)",35,Southampton,"East Providence, RI",,,A,0,0,0,1
607,2,1,"Abelseth, Miss Anna Karen",16,Southampton,"Norway Los Angeles, CA",,,16,0,0,0,1
608,2,1,"Abelseth, Mr Olaus",25,Southampton,"Perkins County, SD",,,A,1,0,0,1
609,2,1,"Abraham, Mrs Joseph (Sophie Easu)",18,Cherbourg,"Greensburg, PA",,,,0,0,0,1
610,2,1,"Abrahamsson, Mr August",20,Southampton,"Taalintehdas, Finland Hoboken, NJ",,,15,1,0,0,1
611,2,0,"Adahl, Mr Mauritz Nils Martin",30,Southampton,"Asarum, Sweden Brooklyn, NY",,7076,-72,1,0,0,1
612,2,0,"Adams, Mr John",26,Southampton,"Bournemouth, England",,,-103,1,0,0,1
613,2,0,"Ahlin, Mrs Johanna Persdotter",40,Southampton,"Sweden Akeley, MN",,,,0,0,0,1
614,2,0,"Ahmed, Mr Ali",24,Southampton,,,,,1,0,0,1
615,2,0,"Aijo-Nirva, Mr Isak",41,Southampton,"Finland Sudbury, ON",,,,1,0,0,1
616,2,1,"Aks, Mrs Sam (Leah Rosen)",18,Southampton,"London, England Norfolk, VA",,392091,13,0,0,0,1
617,2,1,"Aks, Master Philip",0.8333,Southampton,"London, England Norfolk, VA",,392091,11,1,0,0,1
618,2,0,"Alexander, Mr William",23,Southampton,"England Albion, NY",,,,1,0,0,1
619,2,0,"Alhomaki, Mr Ilmari Rudolf",20,Southampton,"Salo, Finland Astoria, OR",,,,1,0,0,1
620,2,0,"Ali, Mr William",25,Southampton,Argentina,,,-79,1,0,0,1
621,2,0,"Allen, Mr William Henry",35,Southampton,"Lower Clapton, Middlesex or Erdington, Birmingham",,,,1,0,0,1
622,2,0,"Allum, Mr Owen George",17,Southampton,"Windsor, England New York, NY",,,-259,1,0,0,1
623,2,0,"Andersen, Mr Albert Karvin",32,Southampton,"Bergen, Norway",,,-260,1,0,0,1
624,2,0,"Andersen, Mr Thor Olsvigen",20,Southampton,"Oslo, Norway Cameron, WI",,,-89,1,0,0,1
625,2,0,"Andersson, Mr Anders Johan",39,Southampton,"Sweden Winnipeg, MN",,,,1,0,0,1
626,2,0,"Andersson, Mrs Anders Johan (Alfrida K. Brogren)",39,Southampton,"Sweden Winnipeg, MN",,,,0,0,0,1
627,2,0,"Andersson, Miss Ebba Iris",6,Southampton,"Sweden Winnipeg, MN",,,,0,0,0,1
628,2,0,"Andersson, Miss Ellis Anna Maria",2,Southampton,"Sweden Winnipeg, MN",,,,0,0,0,1
629,2,1,"Andersson, Miss Erna",17,Southampton,"Ruotsinphyhtaa, Finland New York, NY",,,,0,0,0,1
630,2,0,"Andersson, Miss Ida Augusta Margareta",38,Southampton,"Vadsbro, Sweden Ministee, MI",,,,0,0,0,1
631,2,0,"Andersson, Miss Ingeborg Constancia",9,Southampton,"Sweden Winnipeg, MN",,,,0,0,0,1
632,2,0,"Andersson, Mr Johan Samuel",26,Southampton,"Hartford, CT",,,,1,0,0,1
633,2,0,"Andersson, Miss Sigrid Elizabeth",11,Southampton,"Sweden Winnipeg, MN",,,,0,0,0,1
634,2,0,"Andersson, Master Sigvard Harald Elias",4,Southampton,"Sweden Winnipeg, MN",,,,1,0,0,1
635,2,0,"Andreasson, Mr Paul Edvin",20,Southampton,"Sweden Chicago, IL",,,,1,0,0,1
636,2,0,"Angheloff, Mr Minko",26,Southampton,"Bulgaria Chicago, IL",,,,1,0,0,1
637,2,0,"Arnold, Mr Josef",25,Southampton,"Altdorf, Switzerland",,,,1,0,0,1
638,2,0,"Arnold, Mrs Josef (Josephine Frank)",18,Southampton,"Altdorf, Switzerland",,,,0,0,0,1
639,2,0,"Aronsson, Mr Ernst Axel Algot",24,Southampton,"Sweden Joliet, IL",,,,1,0,0,1
640,2,0,"Asim, Mr Adola",35,Southampton,,,,,1,0,0,1
641,2,0,"Asplund, Mr Carl Oscar Vilhelm Gustafsson",40,Southampton,"Sweden  Worcester, MA",,,-142,1,0,0,1
642,2,1,"Asplund, Mrs Carl Oscar (Selma Augusta Johansson)",38,Southampton,"Sweden  Worcester, MA",,,4,0,0,0,1
643,2,0,"Asplund, Master Carl Edgar",5,Southampton,"Sweden  Worcester, MA",,,,1,0,0,1
644,2,0,"Asplund, Master Clarence Gustaf Hugo",9,Southampton,"Sweden Worcester, MA",,,,1,0,0,1
645,2,1,"Aspland, Master Edvin Rojj Felix",3,Southampton,"Sweden Worcester, MA",,,4,1,0,0,1
646,2,0,"Asplund, Master Filip Oscar",13,Southampton,"Sweden Worcester, MA",,,,1,0,0,1
647,2,1,"Asplund, Mr John Charles",23,Southampton,"Oskarshamn, Sweden Minneapolis, MN",,,,1,0,0,1
648,2,1,"Asplund, Miss Lillian Gertrud",5,Southampton,"Sweden Worcester, MA",,,4,0,0,0,1
649,2,0,"Assaf, Mr Gerios",31.19418104,Cherbourg,"Ottawa, ON",,,,1,0,0,1
650,2,1,"Assaf, Mrs Mariana",45,Cherbourg,"Ottawa, ON",,,C,0,0,0,1
651,2,0,"Assam, Mr Ali",23,Southampton,,,,,1,0,0,1
652,2,0,"Attalah, Miss Malaka",17,Cherbourg,,,,,0,0,0,1
653,2,0,"Attala (Kalil), Mr Solomon",27,Cherbourg,"Ottawa, ON",,,,1,0,0,1
654,2,0,"Augustsson, Mr Albert",23,Southampton,"Krakoryd, Sweden Bloomington, IL",,,,1,0,0,1
655,2,0,"Baccos, Mr Rafoul",20,Cherbourg,,,,,1,0,0,1
656,2,0,"Backstrom, Mr Karl Alfred",32,Southampton,"Ruotsinphytaa, Finland New York, NY",,,,1,0,0,1
657,2,1,"Backstrom, Mrs Karl Alfred (Maria Mathilda Gustafsson)",33,Southampton,"Ruotsinphytaa, Finland New York, NY",,,,0,0,0,1
658,2,1,"Baclini, Miss Eugenie",3,Cherbourg,"Syria New York, NY",,,,0,0,0,1
659,2,1,"Baclini, Miss Helene",31.19418104,Cherbourg,"Syria New York, NY",,,,0,0,0,1
660,2,1,"Baclini, Miss Maria",31.19418104,Cherbourg,"Syria New York, NY",,,,0,0,0,1
661,2,1,"Baclini, Mrs Solomon (Latifa)",31.19418104,Cherbourg,"Syria New York, NY",,,,0,0,0,1
662,2,1,"Badman, Miss Emily Louisa",18,Southampton,"London Skanteales, NY",,,,0,0,0,1
663,2,0,"Badt, Mr Mohamed",40,Cherbourg,,,,,1,0,0,1
664,2,0,"Balkic, Mr Cerin",26,Southampton,,,,,1,0,0,1
665,2,1,"Banoura, Miss Ayout",15,Cherbourg,"Syria Youngstown, OH",,,,0,0,0,1
666,2,0,"Barbara, Mrs Catherine",45,Cherbourg,"Syria Ottawa, ON",,,,0,0,0,1
667,2,0,"Barbara, Miss Saude",18,Cherbourg,"Syria Ottawa, ON",,,,0,0,0,1
668,2,0,"Barry, Miss Julia",27,Queenstown,"New York, NY",,,,0,0,0,1
669,2,0,Barton Mr David,22,Southampton,"England New York, NY",,,,1,0,0,1
670,2,0,"Beavan, Mr William Thomas",19,Southampton,England,,,,1,0,0,1
671,2,0,"Bengtsson, Mr John Viktor",26,Southampton,"Krakudden, Sweden Moune, IL",,,,1,0,0,1
672,2,0,Berglund. Mr Karl Ivar Sven,22,Southampton,"Tranvik, Finland New York",,,,1,0,0,1
673,2,0,"Betros, Mr Tannous",20,Cherbourg,Syria,,,,1,0,0,1
674,2,1,"Bing, Mr Lee",32,Southampton,"Hong Kong New York, NY",,,,1,0,0,1
675,2,0,"Birkeland, Mr Hans",21,Southampton,"Brennes, Norway New York",,,,1,0,0,1
676,2,0,"Bjorklund, Ernst Herbert",18,Southampton,"Stockholm, Sweden New York",,,,1,0,0,1
677,2,0,"Bostandyeff, Mr Guentcho",26,Southampton,"Bulgaria Chicago, IL",,,,1,0,0,1
678,2,0,"Boulos, Master Akar",6,Cherbourg,"Syria Kent, ON",,,,1,0,0,1
679,2,0,"Boulos, Mr Hanna",31.19418104,Cherbourg,Syria,,,,1,0,0,1
680,2,0,"Boulos, Mrs Joseph (Sultana)",31.19418104,Cherbourg,"Syria Kent, ON",,,,0,0,0,1
681,2,0,"Boulos, Miss Laura",9,Cherbourg,"Syria Kent, ON",,,,0,0,0,1
682,2,0,"Bourke, Mr John",40,Queenstown,"Ireland Chicago, IL",,,,1,0,0,1
683,2,0,"Bourke, Mrs John (Catherine)",32,Queenstown,"Ireland Chicago, IL",,,,0,0,0,1
684,2,0,"Bourke, Miss Mary",31.19418104,Queenstown,"Ireland Chicago, IL",,,,0,0,0,1
685,2,0,"Bowen, Mr David",26,Southampton,"Treherbert, Cardiff, Wales",,,,1,0,0,1
686,2,1,"Bradley, Miss Bridget Delia",18,Queenstown,"Kingwilliamstown, Co Cork, Ireland Glens Falls, NY",,,13,0,0,0,1
687,2,0,"Braf, Miss Elin Ester Maria",20,Southampton,"Medeltorp, Sweden Chicago, IL",,,,0,0,0,1
688,2,0,"Brahim, Mr Youssef",31.19418104,Cherbourg,,,,,1,0,0,1
689,2,0,"Braund, Mr Lewis Richard",29,Southampton,"Bridgerule, Devon",,,,1,0,0,1
690,2,0,"Braund, Mr Owen Harris",22,Southampton,"Bridgerule, Devon",,,,1,0,0,1
691,2,0,"Brobek, Mr Karl Rudolf",22,Southampton,"Sweden Worcester, MA",,,,1,0,0,1
692,2,0,"Brocklebank, Mr William Alfred",35,Southampton,"Broomfield, Chelmsford, England",,,,1,0,0,1
693,2,1,"Buckley, Mr Daniel",21,Queenstown,"Kingwilliamstown, Co Cork, Ireland New York, NY",,,,1,0,0,1
694,2,0,"Buckley, Miss Katherine",20,Queenstown,"Co Cork, Ireland Roxbury, MA",,,-299,0,0,0,1
695,2,0,"Burke, Mr Jeremiah",19,Queenstown,"Co Cork, Ireland Charlestown, MA",,,,1,0,0,1
696,2,0,"Burns, Miss Mary Delia",18,Queenstown,"Co Sligo, Ireland New York, NY",,,,0,0,0,1
697,2,0,"Cacic, Mr Grego",18,Southampton,Croatia,,,,1,0,0,1
698,2,0,"Cacic, Mr Luka",38,Southampton,Croatia,,,,1,0,0,1
699,2,0,"Cacic, Mr Manda",31.19418104,Southampton,Croatia,,,,1,0,0,1
700,2,0,"Cacic, Mr Maria",30,Southampton,Croatia,,,,1,0,0,1
701,2,0,"Calic, Mr Peter",17,Southampton,,,,,1,0,0,1
702,2,0,"Canavan, Miss Mary",21,Queenstown,,,,,0,0,0,1
703,2,0,"Canavan, Mr Patrick",21,Queenstown,"Ireland Philadelphia, PA",,,,1,0,0,1
704,2,0,"Cann, Mr Ernest",21,Southampton,,,,,1,0,0,1
705,2,0,"Caram (Kareem), Mr Joseph",31.19418104,Cherbourg,"Ottawa, ON",,,,1,0,0,1
706,2,0,"Caram (Kareem), Mrs Joseph (Maria Elias)",31.19418104,Cherbourg,"Ottawa, ON",,,,0,0,0,1
707,2,0,"Carlsson, Mr Carl Robert",24,Southampton,"Goteborg, Sweden Huntley, IL",,,,1,0,0,1
708,2,0,"Carlsson, Mr Frans Olof",33,Southampton,"New York, NY",,,,1,0,0,1
709,2,0,"Carlsson, Mr Julius",33,Southampton,,,,,1,0,0,1
710,2,0,"Carlsson, Mr August Sigfrid",28,Southampton,"Dagsas, Sweden Fower, MN",,,,1,0,0,1
711,2,1,"Carr, Miss Helen",16,Queenstown,"Co Longford, Ireland New York, NY",,,,0,0,0,1
712,2,0,"Carr, Miss Jeannie",37,Queenstown,"Co Sligo, Ireland Hartford, CT",,,,0,0,0,1
713,2,0,"Carver, Mr Alfred John",28,Southampton,"St Denys, Southampton, Hants",,,,1,0,0,1
714,2,1,"Cassem, Mr Nassef Belmenly",31.19418104,Cherbourg,"Syria Fredericksburg, VA",,,,1,0,0,1
715,2,0,"Celotti, Mr Francesco",24,Southampton,London,,,,1,0,0,1
716,2,0,"Chartens, Mr David",21,Southampton,"Ireland New York, NY",,,,1,0,0,1
717,2,0,"Chebab, Mr Emir Farres",31.19418104,Cherbourg,,,,,1,0,0,1
718,2,0,"Chip, Mr Chang",32,Southampton,"Hong Kong New York, NY",,,,1,0,0,1
719,2,0,"Christmann, Mr Emil",29,Southampton,,,,,1,0,0,1
720,2,0,"Chronopoulos, Mr Apostolos",26,Cherbourg,Greece,,,,1,0,0,1
721,2,0,"Chronopoulos, Mr Demetrios",18,Cherbourg,Greece,,,,1,0,0,1
722,2,0,"Coelho, Mr Domingos Fernandes",20,Southampton,Portugal,,,,1,0,0,1
723,2,1,"Cohen, Mr Gurshon (Gus)",19,Southampton,"London Brooklyn, NY",,,,1,0,0,1
724,2,0,"Colbert, Mr Patrick",24,Queenstown,"Co Limerick, Ireland Sherbrooke, PQ",,,,1,0,0,1
725,2,0,"Coleff, Mr Fotio",24,Southampton,,,,,1,0,0,1
726,2,0,"Coleff, Mr Peyo",36,Southampton,"Bulgaria Chicago, IL",,,,1,0,0,1
727,2,0,"Conlin, Mr Thomas Henry",31,Queenstown,"Philadelphia, PA",,,,1,0,0,1
728,2,0,"Connaghton, Mr Michael",31,Queenstown,"Ireland Brooklyn, NY",,,,1,0,0,1
729,2,0,"Connolly, Miss Kate",30,Queenstown,Ireland,,,,0,0,0,1
730,2,1,"Connolly, Miss Kate",22,Queenstown,Ireland,,,,0,0,0,1
731,2,0,"Connors, Mr Patrick",31.19418104,Queenstown,,,,-171,1,0,0,1
732,2,0,"Cook, Mr Jacob",43,Southampton,,,,,1,0,0,1
733,2,0,"Cor, Mr Bartol",35,Southampton,Austria,,,,1,0,0,1
734,2,0,"Cor, Mr Ivan",27,Southampton,Austria,,,,1,0,0,1
735,2,0,"Cor, Mr Ludovik",19,Southampton,Austria,,,,1,0,0,1
736,2,0,"Corn, Mr Harry",30,Southampton,London,,,,1,0,0,1
737,2,1,"Coutts, Mrs William (Minnie)",36,Southampton,"England Brooklyn, NY",,,2,0,0,0,1
738,2,1,"Coutts, Master Neville",3,Southampton,"England Brooklyn, NY",,,2,1,0,0,1
739,2,1,"Coutts, Master William Leslie",9,Southampton,"England Brooklyn, NY",,,2,1,0,0,1
740,2,0,"Coxon, Mr Daniel",59,Southampton,"Merrill, WI",,,,1,0,0,1
741,2,0,"Crease, Mr Ernest James",19,Southampton,"Bristol, England Cleveland, OH",,,,1,0,0,1
742,2,0,"Cribb, Mr John Hatfield",44,Southampton,"Bournemouth, England Newark, NJ",,,,1,0,0,1
743,2,1,"Cribb, Miss Laura Alice",17,Southampton,"Bournemouth, England Newark, NJ",,,,0,0,0,1
744,2,0,"Daher, Mr Tannous",31.19418104,Cherbourg,,,,,1,0,0,1
745,2,1,"Dahl, Mr Charles Edward",45,Southampton,"Australia Fingal, ND",,,15,1,0,0,1
746,2,0,"Dahlberg, Miss Gerda Ulrika",22,Southampton,"Norrlot, Sweden Chicago, IL",,,,0,0,0,1
747,2,0,"Dakic, Mr Branko",19,Southampton,Austria,,,,1,0,0,1
748,2,1,"Daly, Mr Eugene",29,Queenstown,"Co Athlone, Ireland New York, NY",,,B,1,0,0,1
749,2,1,"Daly, Miss Marcella",30,Queenstown,"Co Athlone, Ireland New York, NY",,,,0,0,0,1
750,2,0,"Danbom, Mr Ernst Gilbert",34,Southampton,"Stanton, IA",,,,1,0,0,1
751,2,0,"Danbom, Mrs Ernst Gilbert (Anna Sigrid Maria Brogren)",28,Southampton,"Stanton, IA",,,,0,0,0,1
752,2,0,"Danbom, Master Gilbert Sigvard Emanuel",0.3333,Southampton,"Stanton, IA",,,,1,0,0,1
753,2,0,"Danoff, Mr Yoto",27,Southampton,"Bulgaria Chicago, IL",,,,1,0,0,1
754,2,0,"Dantchoff, Mr Khristo",25,Southampton,"Bulgaria Chicago, IL",,,,1,0,0,1
755,2,0,"Davies, Mr Alfred",24,Southampton,"West Bromwich, England Pontiac, MI",,,,1,0,0,1
756,2,0,"Davies, Mr Evan",22,Southampton,,,,,1,0,0,1
757,2,0,"Davies, Mr John",21,Southampton,"West Bromwich, England Pontiac, MI",,,,1,0,0,1
758,2,0,"Davies, Mr Joseph",17,Southampton,"West Bromwich, England Pontiac, MI",,,,1,0,0,1
759,2,0,"Davison, Mr Thomas Henry",31.19418104,Southampton,"Liverpool, England Bedford, OH",,,,1,0,0,1
760,2,1,"Davison, Mrs Thomas Henry (Mary Finck)",31.19418104,Southampton,"Liverpool, England Bedford, OH",,,,0,0,0,1
761,2,0,"Dean, Mr Bertram",26,Southampton,"Devon, England Wichita, KS",,,,1,0,0,1
762,2,1,"Dean, Mrs Bertram (Eva)",33,Southampton,"Devon, England Wichita, KS",,,12,0,0,0,1
763,2,1,"Dean, Master Bertram Vere",1,Southampton,"Devon, England Wichita, KS",,,12,1,0,0,1
764,2,1,"Dean, Miss Elizabeth Gladys (Millvena)",0.1667,Southampton,"Devon, England Wichita, KS",,,12,0,0,0,1
765,2,0,"Delalic, Mr Regyo",25,Southampton,,,,,1,0,0,1
766,2,1,"De Messemaeker, Mr William Joseph",36,Southampton,"Tampico, MT",,,15,1,0,0,1
767,2,1,"De Messemaeker, Mrs William Joseph (Anna)",36,Southampton,"Tampico, MT",,,13,0,0,0,1
768,2,1,"De Mulder, Mr Theo",30,Southampton,"Belgium Detroit, MI",,,,1,0,0,1
769,2,0,"Denkoff, Mr Mito",31.19418104,Southampton,"Bulgaria Coon Rapids, IA",,,,1,0,0,1
770,2,0,"Dennis, Mr Samuel",23,Southampton,,,,,1,0,0,1
771,2,0,"Dennis, Mr William",26,Southampton,,,,,1,0,0,1
772,2,1,"Devaney, Miss Margaret",19,Queenstown,"Kilmacowen, Co Sligo, Ireland New York, NY",,,C,0,0,0,1
773,2,0,"Dewan, Mr Frank",65,Queenstown,,,,,1,0,0,1
774,2,0,"Dibo, Mr Elias",31.19418104,Cherbourg,,,,,1,0,0,1
775,2,0,"Dimic, Mr Jovan",42,Southampton,,,,,1,0,0,1
776,2,0,"Dintcheff, Mr Valtcho",43,Southampton,,,,,1,0,0,1
777,2,0,"Dooley, Mr Patrick",32,Queenstown,"Ireland New York, NY",,,,1,0,0,1
778,2,1,"Dorkings, Mr Edward Arthur",19,Southampton,"England Oglesby, IL",,,B,1,0,0,1
779,2,1,"Dowdell, Miss Elizabeth",30,Southampton,"Union Hill, NJ",,,13,0,0,0,1
780,2,0,"Doyle, Miss Elizabeth",24,Queenstown,"Ireland New York, NY",,,,0,0,0,1
781,2,1,"Drapkin, Miss Jennie",23,Southampton,"London New York, NY",,,,0,0,0,1
782,2,0,"Drazonovic, Mr Josef",31.19418104,Cherbourg,"Austria Niagara Falls, NY",,,,1,0,0,1
783,2,1,"Driscoll, Miss Bridget",24,Queenstown,"Ballydehob, Co Cork, Ireland New York, NY",,,,0,0,0,1
784,2,1,"Duquemin, Mr Joseph",24,Southampton,"England Albion, NY",,,D,1,0,0,1
785,2,0,"Dyker, Mr Adolf Fredrik",23,Southampton,"West Haven, CT",,,,1,0,0,1
786,2,1,"Dyker, Mrs Adolf Fredrik (Anna Elizabeth Judith Andersson)",22,Southampton,"West Haven, CT",,,,0,0,0,1
787,2,0,"Econovic, Mr Joso",31.19418104,Southampton,Austria-Hungary,,,,1,0,0,1
788,2,0,"Edvardsson, Mr Gustaf Hjalmar",18,Southampton,"Tofta, Sweden Joliet, IL",,,,1,0,0,1
789,2,0,"Eklund, Mr Hans Linus",16,Southampton,"Karberg, Sweden Jerome Junction, AZ",,,,1,0,0,1
790,2,0,"Ekstrom, Mr Johan",45,Southampton,"Effington Rut, SD",,,,1,0,0,1
791,2,0,"Elias, Mr Elias",31.19418104,Cherbourg,Syria,,,,1,0,0,1
792,2,0,"Elias, Mr John",31.19418104,Cherbourg,Syria,,,,1,0,0,1
793,2,0,"Elias, Mr Joseph",31.19418104,Cherbourg,"Syria Ottawa, ON",,,,1,0,0,1
794,2,0,"Elsbury, Mr James",47,Southampton,"Illinois, USA",,,,1,0,0,1
795,2,1,"Emanuel, Miss Virginia Ethel",5,Southampton,"New York, NY",,,13,0,0,0,1
796,2,0,"Emmeth, Mr Thomas",31.19418104,Southampton,,,,,1,0,0,1
797,2,0,"Everett, Thomas James",31.19418104,Southampton,,,,,1,0,0,1
798,2,0,"Farrell, Mr James",31.19418104,Queenstown,"Aughnacliff, Co Longford, Ireland New York, NY",,,,1,0,0,1
799,2,1,"Finoli, Mr Luigi",31.19418104,Southampton,"Italy Philadelphia, PA",,,,1,0,0,1
800,2,0,"Fischer, Mr Eberhard Telander",31.19418104,Southampton,,,,,1,0,0,1
801,2,0,"Flynn, Mr James",31.19418104,Queenstown,,,,,1,0,0,1
802,2,0,"Flynn, Mr John",31.19418104,Queenstown,,,,,1,0,0,1
803,2,0,"Foley, Mr Joseph",31.19418104,Queenstown,"Ireland Chicago, IL",,,,1,0,0,1
804,2,0,"Foley, Mr William",31.19418104,Queenstown,Ireland,,,,1,0,0,1
805,2,1,"Foo, Mr Choong",31.19418104,Southampton,"Hong Kong New York, NY",,,,1,0,0,1
806,2,0,"Ford, Mr Arthur",31.19418104,Southampton,"Bridgwater, Somerset, England",,,,1,0,0,1
807,2,0,"Ford, Miss Doolina Margaret",21,Southampton,"Rotherfield, Sussex, England Essex Co, MA",,,,0,0,0,1
808,2,0,"Ford, Mr Edward Watson",18,Southampton,"Rotherfield, Sussex, England Essex Co, MA",,,,1,0,0,1
809,2,0,"Ford, Miss Maggie",9,Southampton,"Rotherfield, Sussex, England Essex Co, MA",,,,0,0,0,1
810,2,0,"Ford, Mrs Edward (Margaret Ann)",48,Southampton,"Rotherfield, Sussex, England Essex Co, MA",,,,0,0,0,1
811,2,0,"Ford, Mr Neil Watson",16,Southampton,"Rotherfield, Sussex, England Essex Co, MA",,,,1,0,0,1
812,2,0,"Fox, Mr Patrick",31.19418104,Queenstown,"Ireland New York, NY",,,,1,0,0,1
813,2,0,"Franklin, Mr Charles",31.19418104,Southampton,,,,,1,0,0,1
814,2,0,"Gallagher, Mr Martin",25,Queenstown,"New York, NY",,,,1,0,0,1
815,2,0,"Garfirth, Mr John",31.19418104,Southampton,,,,,1,0,0,1
816,2,1,"Georges, Mrs Shahini Weappi",31.19418104,Cherbourg,"Youngstown, OH",,,,0,0,0,1
817,2,0,"Gilinski, Mr Leslie",22,Southampton,,,,,1,0,0,1
818,2,1,"Gilnagh, Miss Katie",16,Queenstown,"Co Longford, Ireland New York, NY",,,,0,0,0,1
819,2,1,"Glynn, Miss Mary Agatha",31.19418104,Queenstown,"Co Clare, Ireland Washington, DC",,,13,0,0,0,1
820,2,0,"Goldsmith, Mr Frank John",33,Southampton,"Strood, Kent, England Detroit, MI",,,,1,0,0,1
821,2,1,"Goldsmith, Mrs Frank John (Emily A. Brown)",31.19418104,Southampton,"Strood, Kent, England Detroit, MI",,,C,0,0,0,1
822,2,1,"Goldsmith, Master Frank John William",9,Southampton,"Strood, Kent, England Detroit, MI",,,C,1,0,0,1
823,2,0,"Goldsmith, Mr Nathan",41,Southampton,"Philadelphia, PA",,,,1,0,0,1
824,2,0,"Goncalves, Mr Manuel Estanslas",38,Southampton,Portugal,,,,1,0,0,1
825,2,0,"Goodwin, Mr Frederick",40,Southampton,"Wiltshire, England Niagara Falls, NY",,,,1,0,0,1
826,2,0,"Goodwin, Mrs Frederick (Augusta)",43,Southampton,"Wiltshire, England Niagara Falls, NY",,,,0,0,0,1
827,2,0,"Goodwin, Mr Charles E.",14,Southampton,"Wiltshire, England Niagara Falls, NY",,,,1,0,0,1
828,2,0,"Goodwin, Miss Lillian A.",16,Southampton,"Wiltshire, England Niagara Falls, NY",,,,0,0,0,1
829,2,0,"Goodwin, Master Harold V.",9,Southampton,"Wiltshire, England Niagara Falls, NY",,,,1,0,0,1
830,2,0,"Goodwin, Miss Jessie A.",10,Southampton,"Wiltshire, England Niagara Falls, NY",,,,0,0,0,1
831,2,0,"Goodwin, Master Sidney L.",6,Southampton,"Wiltshire, England Niagara Falls, NY",,,,1,0,0,1
832,2,0,"Goodwin, Master William F.",11,Southampton,"Wiltshire, England Niagara Falls, NY",,,,1,0,0,1
833,2,0,"Green, Mr George",40,Southampton,"Dorking, Surrey, England",,,,1,0,0,1
834,2,0,"Gronnestad, Mr Daniel Danielsen",32,Southampton,"Foresvik, Norway Portland, ND",,,,1,0,0,1
835,2,0,"Guest, Mr Robert",31.19418104,Southampton,,,,,1,0,0,1
836,2,0,"Gustafsson, Mr Alfred Ossian",20,Southampton,"Waukegan, Chicago, IL",,,,1,0,0,1
837,2,0,"Gustafsson, Mr Anders Vilhelm",37,Southampton,"Ruotsinphytaa, Finland New York, NY",,,,1,0,0,1
838,2,0,"Gustafsson, Mr Johan Birger",28,Southampton,"Ruotsinphytaa, Finland New York, NY",,,,1,0,0,1
839,2,0,"Gustafsson, Mr Karl Gideon",19,Southampton,"Myren, Sweden New York, NY",,,,1,0,0,1
840,2,0,"Haas, Miss Aloisia",31.19418104,,,,,,0,0,0,1
841,2,0,"Hagardon, Miss Kate",31.19418104,,,,,,0,0,0,1
842,2,0,"Hagland, Mr Ingvald Olsen",31.19418104,,,,,,1,0,0,1
843,2,0,"Hagland, Mr Konrad Mathias Reiersen",31.19418104,,,,,,1,0,0,1
844,2,0,"Hakkarainen, Mr Pekko Pietari",31.19418104,,,,,,1,0,0,1
845,2,1,"Hakkarainen, Mrs Pekko Pietari",31.19418104,,,,,,0,0,0,1
846,2,0,"Hampe, Mr Leon",31.19418104,,,,,,1,0,0,1
847,2,0,"Hansen, Mr Claus Peter",31.19418104,,,,,,1,0,0,1
848,2,1,"Hansen, Mrs Claus Peter",31.19418104,,,,,,0,0,0,1
849,2,0,"Hansen, Mr Henrik Juul",31.19418104,,,,,,1,0,0,1
850,2,0,"Hansen, Mr Henry Damsgaard",31.19418104,,,,,,1,0,0,1
851,2,0,"Harknett, Miss Alice",31.19418104,,,,,,0,0,0,1
852,2,0,"Harmer, Mr Abraham",31.19418104,,,,,,1,0,0,1
853,2,0,"Hart, Mr Henry",31.19418104,,,,,,1,0,0,1
854,2,0,"Hassan, Mr M. Houssein",31.19418104,,,,,,1,0,0,1
855,2,0,"Healy, Miss Nora",31.19418104,,,,,,0,0,0,1
856,2,1,"Hedman, Mr Oscar",31.19418104,,,,,,1,0,0,1
857,2,0,"Hee, Mr Ling",31.19418104,,,,,,1,0,0,1
858,2,0,"Hegarty, Miss Nora",31.19418104,,,,,,0,0,0,1
859,2,1,"Heikkinen, Miss Laina",31.19418104,,,,,,0,0,0,1
860,2,0,"Heininen, Miss Wendla Maria",31.19418104,,,,,,0,0,0,1
861,2,1,"Hellstrom, Hilda Maria",31.19418104,,,,,,0,0,0,1
862,2,0,"Hemming, Miss Nora",31.19418104,,,,,,0,0,0,1
863,2,0,"Hendekovic, Mr Ignaz",31.19418104,,,,,,1,0,0,1
864,2,0,"Henery, Delia",31.19418104,,,,,,0,0,0,1
865,2,0,"Henriksson, Jenny Lovisa",31.19418104,,,,,,0,0,0,1
866,2,1,"Hirvonen, Mrs Alexander",31.19418104,,,,,,0,0,0,1
867,2,0,"Hirvonen, Miss Hildur E.",31.19418104,,,,,,0,0,0,1
868,2,0,"Holm, Mr John Frederik Alexander",31.19418104,,,,,,1,0,0,1
869,2,0,"Holthen, Mr Johan Martin",31.19418104,,,,,,1,0,0,1
870,2,1,"Honkanen, Miss Eluna",31.19418104,,,,,,0,0,0,1
871,2,0,"Horgan, Mr John",31.19418104,,,,,,1,0,0,1
872,2,1,"Howard, Miss May",31.19418104,,,,,,0,0,0,1
873,2,0,"Humblin, Mr Adolf Mathias Nicolai Olsen",31.19418104,,,,,,1,0,0,1
874,2,1,"Hyman, Mr Abraham",31.19418104,,,,,,1,0,0,1
875,2,0,"Ilieff, Mr Ylio",31.19418104,,,,,,1,0,0,1
876,2,0,"Ilmakangas, Miss Ida Livija",31.19418104,,,,,,0,0,0,1
877,2,0,"Ilmakangas, Miss Pieta Sofia",31.19418104,,,,,,0,0,0,1
878,2,0,"Ivanoff, Mr Konio",31.19418104,,,,,,1,0,0,1
879,2,1,"Jansen, Mr Carl Olof",31.19418104,,,,,,1,0,0,1
880,2,0,"Jardin, Mr Jose Netto",31.19418104,,,,,,1,0,0,1
881,2,1,"Jensen, Miss Carla Christine",31.19418104,,,,,,0,0,0,1
882,2,0,"Jensen, Mr Hans Peder",31.19418104,,,,,,1,0,0,1
883,2,0,"Jensen, Mr Niels Peder",31.19418104,,,,,,1,0,0,1
884,2,0,"Jensen, Mr Svend Lauritz",31.19418104,,,,,,1,0,0,1
885,2,1,"Jermyn, Miss Annie",31.19418104,,,,,,0,0,0,1
886,2,0,"Johannesen-Bratthammer, Mr Bernt",31.19418104,,,,,,1,0,0,1
887,2,0,"Johanson, Mr Jakob Alfred",31.19418104,,,,,,1,0,0,1
888,2,0,"Johansson, Mr Erik",31.19418104,,,,,,1,0,0,1
889,2,0,"Johansson, Mr Gustaff Joel",31.19418104,,,,,,1,0,0,1
890,2,1,"Johansson, Mr Karl Johan",31.19418104,,,,,,1,0,0,1
891,2,0,"Johansson, Mr Nils",31.19418104,,,,,,1,0,0,1
892,2,1,"Johansson, Oscar L.",31.19418104,,,,,,1,0,0,1
893,2,0,"Johnson, Mr Alfred",31.19418104,,,,,,1,0,0,1
894,2,1,"Johnson, Miss Eleanor Ileen",31.19418104,,,,,,0,0,0,1
895,2,0,"Johnson, Mr Malkolm Joackim",31.19418104,,,,,,1,0,0,1
896,2,1,"Johnson, Master Harold Theodor",31.19418104,,,,,,1,0,0,1
897,2,0,"Johnson, Mrs Oscar W.",31.19418104,,,,,,0,0,0,1
898,2,0,"Johnson, Mr William Cahoone Jr.",31.19418104,,,,,,1,0,0,1
899,2,0,"Johnston, Mr Andrew G.",31.19418104,,,,,,1,0,0,1
900,2,0,"Johnston, Mrs Andrew G.",31.19418104,,,,,,0,0,0,1
901,2,0,"Johnston, Miss Catherine H.",31.19418104,,,,,,0,0,0,1
902,2,0,"Johnston, Master William A.",31.19418104,,,,,,1,0,0,1
903,2,0,"Jonkoff, Mr Lazor",31.19418104,,,,,,1,0,0,1
904,2,1,"Jonsson, Mr Carl",31.19418104,,,,,,1,0,0,1
905,2,0,"Jonsson, Nils Hilding",31.19418104,,,,,,1,0,0,1
906,2,0,"Jussila, Miss Aina Maria",31.19418104,,,,,,0,0,0,1
907,2,1,"Jussila, Mr Erik",31.19418104,,,,,,1,0,0,1
908,2,0,"Jussila, Miss Katriina",31.19418104,,,,,,0,0,0,1
909,2,0,"Kallio, Mr Nikolai Erland",31.19418104,,,,,,1,0,0,1
910,2,0,"Kalvig, Mr Johannes K. Halverson",31.19418104,,,,,,1,0,0,1
911,2,0,"Karajic, Mr Milan",31.19418104,,,,,,1,0,0,1
912,2,1,"Karlsson, Mr Einar Gervasius",31.19418104,,,,,,1,0,0,1
913,2,0,"Karlsson, Mr Julius Konrad Eugen",31.19418104,,,,,,1,0,0,1
914,2,0,"Karlsson, Mr Nils August",31.19418104,,,,,,1,0,0,1
915,2,1,"Karun, Miss Anna Mary",31.19418104,,,,,,0,0,0,1
916,2,0,"Karun, Mr Franz",31.19418104,,,,,,1,0,0,1
917,2,0,"Kassem, Mr Fared",31.19418104,,,,,,1,0,0,1
918,2,0,"Keane, Mr Andrew",31.19418104,,,,,,1,0,0,1
919,2,0,"Keefe, Mr Arthur",31.19418104,,,,,,1,0,0,1
920,2,0,"Kekic, Mr Tido",31.19418104,,,,,,1,0,0,1
921,2,1,"Kelly, Miss Anna Kate",31.19418104,,,,,,0,0,0,1
922,2,0,"Kelly, Mr James",31.19418104,,,,,,1,0,0,1
923,2,0,"Kelly, Mr James",31.19418104,,,,,,1,0,0,1
924,2,1,"Kelly, Miss Mary",31.19418104,,,,,,0,0,0,1
925,2,0,"Kennedy, Mr John",31.19418104,,,,,,1,0,0,1
926,2,0,"Khalil, Mr Betros",31.19418104,,,,,,1,0,0,1
927,2,0,"Khalil, Mrs Betros",31.19418104,,,,,,0,0,0,1
928,2,0,"Khalil, Mr Saad",31.19418104,,,,,,1,0,0,1
929,2,0,"Kiernan, Mr John",31.19418104,,,,,,1,0,0,1
930,2,0,"Kiernan, Mr Philip",31.19418104,,,,,,1,0,0,1
931,2,0,"Kilgannon, Mr Thomas",31.19418104,,,,,,1,0,0,1
932,2,1,"Kink, Mr Anton",31.19418104,,,,,,1,0,0,1
933,2,0,"Kink, Mrs Anton (Louise Heilmann)",31.19418104,,,,,,0,0,0,1
934,2,1,"Kink, Miss Louise Gretchen",31.19418104,,,,,,0,0,0,1
935,2,0,"Kink, Miss Maria",31.19418104,,,,,,0,0,0,1
936,2,0,"Kink, Mr Vincenz",31.19418104,,,,,,1,0,0,1
937,2,0,"Klasen, Miss Gertrud Emilia",31.19418104,,,,,,0,0,0,1
938,2,0,"Klasen, Mrs Hulda Kristina",31.19418104,,,,,,0,0,0,1
939,2,0,"Klasen, Mr Klas Albin",31.19418104,,,,,,1,0,0,1
940,2,0,"Kraeff, Mr Theodor",31.19418104,,,,,,1,0,0,1
941,2,1,"Krekorian, Mr Neshan",31.19418104,,,,,,1,0,0,1
942,2,0,"Lahowd, Mr Sarkis",31.19418104,,,,,,1,0,0,1
943,2,0,"Laitinen, Miss Kritina Sofia",31.19418104,,,,,,0,0,0,1
944,2,0,"Laleff, Mr Kristo",31.19418104,,,,,,1,0,0,1
945,2,1,"Lam, Mr Ali",31.19418104,,,,,,1,0,0,1
946,2,0,"Lam, Mr Len",31.19418104,,,,,,1,0,0,1
947,2,1,"Landegren, Miss Aurora Adelia",31.19418104,,,,,,0,0,0,1
948,2,0,"Lane, Mr Patrick",31.19418104,,,,,,1,0,0,1
949,2,1,"Lang, Mr Fang",31.19418104,,,,,,1,0,0,1
950,2,0,"Larsson, Mr August Viktor",31.19418104,,,,,,1,0,0,1
951,2,0,"Larsson, Mr Bengt Edvin",31.19418104,,,,,,1,0,0,1
952,2,0,"Larsson-Rondberg, Mr Edvard",31.19418104,,,,,,1,0,0,1
953,2,1,"Leeni, Mr Fahim",31.19418104,,,,,,1,0,0,1
954,2,0,"Lefebre, Mrs Frank",31.19418104,,,,,,0,0,0,1
955,2,0,"Lefebre, Master Henry",31.19418104,,,,,,1,0,0,1
956,2,0,"Lefebre, Miss Ida",31.19418104,,,,,,0,0,0,1
957,2,0,"Lefebre, Miss Jeannie",31.19418104,,,,,,0,0,0,1
958,2,0,"Lefebre, Miss Mathilde",31.19418104,,,,,,0,0,0,1
959,2,0,"Leinonen, Mr Antti Gustaf",31.19418104,,,,,,1,0,0,1
960,2,0,"Lemberopolous, Mr Peter L.",31.19418104,,,,,,1,0,0,1
961,2,0,"Lemom, Mr Denis",31.19418104,,,,,,1,0,0,1
962,2,0,"Lemon, Miss Mary",31.19418104,,,,,,0,0,0,1
963,2,0,"Leonard, Mr Lionel",31.19418104,,,,,,1,0,0,1
964,2,0,"Lester, Mr James",31.19418104,,,,,,1,0,0,1
965,2,0,"Lindahl, Miss Agda V.",31.19418104,,,,,,0,0,0,1
966,2,0,"Lindblom, Miss Augusta Charlotta",31.19418104,,,,,,0,0,0,1
967,2,0,"Lindell, Mr Edvard Bengtsson",31.19418104,,,,,,1,0,0,1
968,2,0,"Lindell, Mrs Edvard Bengtsson",31.19418104,,,,,,0,0,0,1
969,2,1,"Lindqvist, Eino William",31.19418104,,,,,,1,0,0,1
970,2,0,"Linehan, Mr Michael",31.19418104,,,,,,1,0,0,1
971,2,0,"Ling, Mr Lee",31.19418104,,,,,,1,0,0,1
972,2,0,"Lithman, Mr Simon",31.19418104,,,,,,1,0,0,1
973,2,0,"Lobb, Mr William Arthur",31.19418104,,,,,,1,0,0,1
974,2,0,"Lobb, Mrs William Arthur",31.19418104,,,,,,0,0,0,1
975,2,0,"Lockyer, Mr Edward",31.19418104,,,,,,1,0,0,1
976,2,0,"Lovell, Mr John",31.19418104,,,,,,1,0,0,1
977,2,1,"Lulich, Mr Nicola",31.19418104,,,,,,1,0,0,1
978,2,0,"Lundahl, Mr Johan",31.19418104,,,,,,1,0,0,1
979,2,1,"Lundin, Miss Olga Elida",31.19418104,,,,,,0,0,0,1
980,2,0,"Lundstrom, Mr Thure Edvin",31.19418104,,,,,,1,0,0,1
981,2,0,"Lyntakoff, Mr Stanko",31.19418104,,,,,,1,0,0,1
982,2,0,"MacKay, Mr George William",31.19418104,,,,,,1,0,0,1
983,2,1,"Madigan, Miss Margaret",31.19418104,,,,,,0,0,0,1
984,2,0,"Madsen, Mr Frithiof",31.19418104,,,,,,1,0,0,1
985,2,0,"Maenpaa, Mr Matti Alexanteri",31.19418104,,,,,,1,0,0,1
986,2,0,"Mahon, Miss Delia",31.19418104,,,,,,0,0,0,1
987,2,0,"Maisner, Mr Simon",31.19418104,,,,,,1,0,0,1
988,2,0,"Makinen, Mr Kalle Edvard",31.19418104,,,,,,1,0,0,1
989,2,1,"Mamee, Mr Hanna",31.19418104,,,,,,1,0,0,1
990,2,0,"Mangan, Miss Mary",31.19418104,,,,,,0,0,0,1
991,2,1,"Mannion, Miss Margareth",31.19418104,,,,,,0,0,0,1
992,2,0,"Mansour, Mr Hanna",31.19418104,,,,,,1,0,0,1
993,2,0,"Mardirosian, Mr Sarkis",31.19418104,,,,,,1,0,0,1
994,2,0,"Marinko, Mr Dmitri",31.19418104,,,,,,1,0,0,1
995,2,0,"Markim, Mr Johann",31.19418104,,,,,,1,0,0,1
996,2,0,"Markoff, Mr Marin",31.19418104,,,,,,1,0,0,1
997,2,1,"Masselmany, Mrs Fatima",31.19418104,,,,,,0,0,0,1
998,2,0,"Matinoff, Mr Nicola",31.19418104,,,,,,1,0,0,1
999,2,1,"McCarthy, Miss Katie",31.19418104,,,,,,0,0,0,1
1000,2,0,"McCormack, Mr Thomas J.",31.19418104,,,,,,1,0,0,1
1001,2,0,"McCoy, Miss Agnes",31.19418104,,,,,,0,0,0,1
1002,2,0,"McCoy, Miss Alice",31.19418104,,,,,,0,0,0,1
1003,2,0,"McCoy, Mr Bernard",31.19418104,,,,,,1,0,0,1
1004,2,0,"McDermott, Miss Delia",31.19418104,,,,,,0,0,0,1
1005,2,0,"McElroy, Mr Michael",31.19418104,,,,,,1,0,0,1
1006,2,1,"McGovern, Mrs Hugh",31.19418104,,,,,,0,0,0,1
1007,2,0,"McGowan, Miss Anna",31.19418104,,,,,,0,0,0,1
1008,2,0,"McGowan, Miss Katherine",31.19418104,,,,,,0,0,0,1
1009,2,0,"McMahon, Mr Martin",31.19418104,,,,,,1,0,0,1
1010,2,0,"McNamee, Mr Neal",31.19418104,,,,,,1,0,0,1
1011,2,0,"McNamee, Mrs Neal",31.19418104,,,,,,0,0,0,1
1012,2,0,"Meanwell, Miss Marion Ogden",31.19418104,,,,,,0,0,0,1
1013,2,0,"Mechen, Mr John",31.19418104,,,,,,1,0,0,1
1014,2,0,"Meek, Mrs Thomas",31.19418104,,,,,,0,0,0,1
1015,2,0,"Melkebuk, Mrs Philemon",31.19418104,,,,,,0,0,0,1
1016,2,0,"Meo, Mr Alfonso",31.19418104,,,,,,1,0,0,1
1017,2,1,"Midtsjo, Mr Karl Albert",31.19418104,,,,,,1,0,0,1
1018,2,0,"Mihoff, Mr Stoytcho",31.19418104,,,,,,1,0,0,1
1019,2,0,"Miles, Mr Frank",31.19418104,,,,,,1,0,0,1
1020,2,0,"Mineff, Mr Ivan",31.19418104,,,,,,1,0,0,1
1021,2,0,"Minkoff, Mr Lazar",31.19418104,,,,,,1,0,0,1
1022,2,0,"Mirko, Mr Dika",31.19418104,,,,,,1,0,0,1
1023,2,0,"Mitkoff, Mr Mito",31.19418104,,,,,,1,0,0,1
1024,2,1,"Mocklare, Miss Helen Mary",31.19418104,,,,,,0,0,0,1
1025,2,0,"Moen, Mr Sigurd H.",31.19418104,,,,,,1,0,0,1
1026,2,1,"Moor, Mrs Beila",31.19418104,,,,,,0,0,0,1
1027,2,0,"Moor, Master Meier",31.19418104,,,,,,1,0,0,1
1028,2,0,"Moore, Mr Leonard Charles",31.19418104,,,,,,1,0,0,1
1029,2,1,"Moran, Miss Bertha",31.19418104,,,,,,0,0,0,1
1030,2,0,"Moran, Mr Daniel J.",31.19418104,,,,,,1,0,0,1
1031,2,0,"Moran, Mr James",31.19418104,,,,,,1,0,0,1
1032,2,0,"Morley, Mr Henry Samuel",31.19418104,,,,,,1,0,0,1
1033,2,0,"Morrow, Mr Thomas Rowan",31.19418104,,,,,,1,0,0,1
1034,2,1,"Moubarek (Borak), Mr Hanna (John)",31.19418104,,,,,,1,0,0,1
1035,2,0,"Moubarek, Mrs George",31.19418104,,,,,,0,0,0,1
1036,2,0,"Moubarek, Master George",31.19418104,,,,,,1,0,0,1
1037,2,0,"Moubarek, Master William George",31.19418104,,,,,,1,0,0,1
1038,2,0,"Moss, Albert Johan",31.19418104,,,,,,1,0,0,1
1039,2,0,"Moussa, Mrs Mantoura Baloics",31.19418104,,,,,,0,0,0,1
1040,2,0,"Moutal, Mr Rahamin",31.19418104,,,,,,1,0,0,1
1041,2,1,"Mullins, Miss Katie",31.19418104,,,,,,0,0,0,1
1042,2,0,"Mulvihill, Miss Bertha E.",31.19418104,,,,,,0,0,0,1
1043,2,0,"Murdlin, Mr Joseph",31.19418104,,,,,,1,0,0,1
1044,2,0,"Murphy, Miss Katherine",31.19418104,,,,,,0,0,0,1
1045,2,0,"Murphy, Miss Margaret",31.19418104,,,,,,0,0,0,1
1046,2,0,"Murphy, Miss Nora",31.19418104,,,,,,0,0,0,1
1047,2,0,"Myhrman, Mr Pehr Fabian Oliver Malkolm",31.19418104,,,,,,1,0,0,1
1048,2,1,"Nackid, Miss Maria",31.19418104,,,,,,0,0,0,1
1049,2,0,"Nackid, Mr Said",31.19418104,,,,,,1,0,0,1
1050,2,0,"Nackid, Mrs Said",31.19418104,,,,,,0,0,0,1
1051,2,0,"Nahill, Mr Toufik",31.19418104,,,,,,1,0,0,1
1052,2,0,"Naidenoff, Mr Penko",31.19418104,,,,,,1,0,0,1
1053,2,0,"Nancarrow, W. H.",31.19418104,,,,,,1,0,0,1
1054,2,0,"Niklasen, Sander",31.19418104,,,,,,1,0,0,1
1055,2,0,"Nosworthy, Richard C.",31.19418104,,,,,,1,0,0,1
1056,2,1,"Najib, Miss Adele Kiamie",31.19418104,,,,,,0,0,0,1
1057,2,0,"Nancarrow, Mr William Henry",31.19418104,,,,,,1,0,0,1
1058,2,0,"Nankoff, Mr Minko",31.19418104,,,,,,1,0,0,1
1059,2,0,"Nasr, Mr Mustafa",31.19418104,,,,,,1,0,0,1
1060,2,0,"Nassr, Mr Saade Jean",31.19418104,,,,,,1,0,0,1
1061,2,0,"Naughton, Miss Hannah",31.19418104,,,,,,0,0,0,1
1062,2,0,"Nemaugh, Mr Robert",31.19418104,,,,,,1,0,0,1
1063,2,0,"Nenkoff, Mr Christo",31.19418104,,,,,,1,0,0,1
1064,2,1,"Nicola-Yarred, Miss Jamila",31.19418104,,,,,,0,0,0,1
1065,2,0,"Nicola-Yarred, Master Elias",31.19418104,,,,,,1,0,0,1
1066,2,0,"Nieminen, Miss Manta Josefina",31.19418104,,,,,,0,0,0,1
1067,2,0,"Niklasson, Mr Samuel",31.19418104,,,,,,1,0,0,1
1068,2,0,"Nilsson, Mr August Ferdinand",31.19418104,,,,,,1,0,0,1
1069,2,1,"Nilsson, Miss Berta Olivia",31.19418104,,,,,,0,0,0,1
1070,2,0,"Nilsson, Miss Helmina Josefina",31.19418104,,,,,,0,0,0,1
1071,2,0,"Niskanen, Mr Johan",31.19418104,,,,,,1,0,0,1
1072,2,0,"Nosworthy, Mr Richard Cater",31.19418104,,,,,,1,0,0,1
1073,2,1,"Novel, Mansouer",31.19418104,,,,,,1,0,0,1
1074,2,0,"Nysten, Miss Anna",31.19418104,,,,,,0,0,0,1
1075,2,0,"Nysveen, Mr Johan H.",31.19418104,,,,,,1,0,0,1
1076,2,0,"O'Brien, Mr Denis",31.19418104,,,,,,1,0,0,1
1077,2,0,"O'Brien, Mr Thomas",31.19418104,,,,,,1,0,0,1
1078,2,1,"O'Brien, Mrs Thomas",31.19418104,,,,,,0,0,0,1
1079,2,0,"O'Connell, Mr Patrick D.",31.19418104,,,,,,1,0,0,1
1080,2,0,"O'Connor, Mr Maurice",31.19418104,,,,,,1,0,0,1
1081,2,0,"O'Connor, Mr Patrick",31.19418104,,,,,,1,0,0,1
1082,2,1,"Odahl, Mr Nils Martin",31.19418104,,,,,,1,0,0,1
1083,2,0,"O'Dwyer, Miss Nellie",31.19418104,,,,,,0,0,0,1
1084,2,0,"Ohman, Miss Velin",31.19418104,,,,,,0,0,0,1
1085,2,0,"O'Keefe, Mr Patrick",31.19418104,,,,,,1,0,0,1
1086,2,0,"OLeary, Miss Norah",31.19418104,,,,,,0,0,0,1
1087,2,0,"Olsen, Master Arthur",31.19418104,,,,,,1,0,0,1
1088,2,0,"Olsen, Mr Charlie (Carl)",31.19418104,,,,,,1,0,0,1
1089,2,0,"Olsen, Mr Henry Margido",31.19418104,,,,,,1,0,0,1
1090,2,0,"Olsen, Mr Ole M.",31.19418104,,,,,,1,0,0,1
1091,2,0,"Olsson, Miss Elida",31.19418104,,,,,,0,0,0,1
1092,2,0,"Olsson, Mr Nils Johan",31.19418104,,,,,,1,0,0,1
1093,2,1,"Olsson, Mr Oscar Johansson",31.19418104,,,,,,1,0,0,1
1094,2,0,"O'Neill, Miss Bridget",31.19418104,,,,,,0,0,0,1
1095,2,0,"Oreskovic, Mr Jeko",31.19418104,,,,,,1,0,0,1
1096,2,0,"Oreskovic, Mr Luka",31.19418104,,,,,,1,0,0,1
1097,2,0,"Oreskovic, Mr Maria",31.19418104,,,,,,1,0,0,1
1098,2,0,"Osen, Mr Olof Elon",31.19418104,,,,,,1,0,0,1
1099,2,1,"Osman, Miss Maria",31.19418104,,,,,,0,0,0,1
1100,2,0,"O'Sullivan, Miss Bridget",31.19418104,,,,,,0,0,0,1
1101,2,0,"Panula, Mr Ernesti Arvid",31.19418104,,,,,,1,0,0,1
1102,2,0,"Panula, Mr Jaako Arnold",31.19418104,,,,,,1,0,0,1
1103,2,0,"Panula, Master Juha Niilo",31.19418104,,,,,,1,0,0,1
1104,2,0,"Panula, Mrs John",31.19418104,,,,,,0,0,0,1
1105,2,0,"Panula, Master Urho Abraham",31.19418104,,,,,,1,0,0,1
1106,2,0,"Panula, Master William",31.19418104,,,,,,1,0,0,1
1107,2,0,"Pasic, Mr Jakob",31.19418104,,,,,,1,0,0,1
1108,2,0,"Paulner, Mr Uscher",31.19418104,,,,,,1,0,0,1
1109,2,0,"Paulsson, Master Gosta Leonard",31.19418104,,,,,,1,0,0,1
1110,2,0,"Paulsson, Mrs Nils",31.19418104,,,,,,0,0,0,1
1111,2,0,"Paulsson, Master Paul Folke",31.19418104,,,,,,1,0,0,1
1112,2,0,"Paulsson, Miss Stina Viola",31.19418104,,,,,,0,0,0,1
1113,2,0,"Paulsson, Miss Torborg Danira",31.19418104,,,,,,0,0,0,1
1114,2,0,"Pavlovic, Mr Stefo",31.19418104,,,,,,1,0,0,1
1115,2,0,"Peacock, Master Alfred Edward",31.19418104,,,,,,1,0,0,1
1116,2,0,"Peacock, Mrs Benjamin",31.19418104,,,,,,0,0,0,1
1117,2,0,"Peacock, Miss Treasteall",31.19418104,,,,,,0,0,0,1
1118,2,0,"Pearce, Mr Ernest",31.19418104,,,,,,1,0,0,1
1119,2,0,"Pecruic, Mr Mate",31.19418104,,,,,,1,0,0,1
1120,2,0,"Pecruic, Mr Tome",31.19418104,,,,,,1,0,0,1
1121,2,0,"Pedersen, Mr Olaf",31.19418104,,,,,,1,0,0,1
1122,2,0,"Peduzzi, Mr Joseph",31.19418104,,,,,,1,0,0,1
1123,2,1,"Pekoniemi, Mr Edvard",31.19418104,,,,,,1,0,0,1
1124,2,0,"Peltomaki, Nikolai Johannes",31.19418104,,,,,,1,0,0,1
1125,2,0,"Perkin, Mr John Henry",31.19418104,,,,,,1,0,0,1
1126,2,1,"Persson, Mr Ernst Ulrik",31.19418104,,,,,,1,0,0,1
1127,2,0,"Peter (Joseph), Miss Mary",31.19418104,,,,,,0,0,0,1
1128,2,0,"Peter (Joseph), Mrs Catherine",31.19418104,,,,,,0,0,0,1
1129,2,0,"Peter (Joseph), Master Michael J.",31.19418104,,,,,,1,0,0,1
1130,2,0,"Peters, Miss Katie",31.19418104,,,,,,0,0,0,1
1131,2,0,"Petersen, Mr Marius",31.19418104,,,,,,1,0,0,1
1132,2,0,"Petranec, Miss Matilda",31.19418104,,,,,,0,0,0,1
1133,2,0,"Petroff, Mr Nedeca",31.19418104,,,,,,1,0,0,1
1134,2,0,"Petroff, Mr Pentcho",31.19418104,,,,,,1,0,0,1
1135,2,0,"Pettersson, Miss Ellen Natalia",31.19418104,,,,,,0,0,0,1
1136,2,0,"Peterson, Mr Johan Emil",31.19418104,,,,,,1,0,0,1
1137,2,1,"Pickard (Trembisky), Mr Berk",31.19418104,,,,,,1,0,0,1
1138,2,0,"Plotcharsky, Mr Vasil",31.19418104,,,,,,1,0,0,1
1139,2,0,"Potchett, Mr George",31.19418104,,,,,,1,0,0,1
1140,2,0,"Radeff, Mr Alexander",31.19418104,,,,,,1,0,0,1
1141,2,0,"Raibid, Mr Razi",31.19418104,,,,,,1,0,0,1
1142,2,0,"Reed, Mr James George",31.19418104,,,,,,1,0,0,1
1143,2,0,"Reynolds, Mr Harold",31.19418104,,,,,,1,0,0,1
1144,2,0,"Rice, Master Albert",31.19418104,,,,,,1,0,0,1
1145,2,0,"Rice, Master Arthur",31.19418104,,,,,,1,0,0,1
1146,2,0,"Rice, Master George",31.19418104,,,,,,1,0,0,1
1147,2,0,"Rice, Master Eric",31.19418104,,,,,,1,0,0,1
1148,2,0,"Rice, Master Eugene",31.19418104,,,,,,1,0,0,1
1149,2,0,"Rice, Mrs William",31.19418104,,,,,,0,0,0,1
1150,2,0,"Riihiivouri, Miss Sanni",31.19418104,,,,,,0,0,0,1
1151,2,0,"Rintamaki, Mr Matti",31.19418104,,,,,,1,0,0,1
1152,2,1,"Riordan, Miss Hannah",31.19418104,,,,,,0,0,0,1
1153,2,0,"Risien, Mr Samuel",31.19418104,,,,,,1,0,0,1
1154,2,0,"Risien, Mrs Samuel",31.19418104,,,,,,0,0,0,1
1155,2,0,"Robins, Mr Alexander A.",31.19418104,,,,,,1,0,0,1
1156,2,0,"Robins, Mrs Alexander A.",31.19418104,,,,,,0,0,0,1
1157,2,0,"Rommetvedt, Mr Karl Kristian Knut",31.19418104,,,,,,1,0,0,1
1158,2,0,"Rogers, Mr William John",31.19418104,,,,,,1,0,0,1
1159,2,0,"Rosblom, Mrs Viktor",31.19418104,,,,,,0,0,0,1
1160,2,0,"Rosblom, Miss Salli Helena",31.19418104,,,,,,0,0,0,1
1161,2,0,"Rosblom, Mr Viktor Rickard",31.19418104,,,,,,1,0,0,1
1162,2,1,"Roth, Miss Sarah",31.19418104,,,,,,0,0,0,1
1163,2,0,"Rouse, Mr Richard Henry",31.19418104,,,,,,1,0,0,1
1164,2,0,"Rush, Mr Alfred George John",31.19418104,,,,,,1,0,0,1
1165,2,1,"Ryan, Mr Edward Ryan",31.19418104,,,,,,1,0,0,1
1166,2,0,"Ryan, Mr Patrick",31.19418104,,,,,,1,0,0,1
1167,2,0,"Saad, Mr Amin",31.19418104,,,,,,1,0,0,1
1168,2,1,"Saad, Khalil",31.19418104,,,,,,1,0,0,1
1169,2,0,"Sadlier, Mr Matthew",31.19418104,,,,,,1,0,0,1
1170,2,0,"Sadowitz, Mr Harry",31.19418104,,,,,,1,0,0,1
1171,2,0,"Sage, Miss Ada",31.19418104,,,,,,0,0,0,1
1172,2,0,"Sage, Miss Constance",31.19418104,,,,,,0,0,0,1
1173,2,0,"Sage, Miss Dorothy",31.19418104,,,,,,0,0,0,1
1174,2,0,"Sage, Mr Douglas",31.19418104,,,,,,1,0,0,1
1175,2,0,"Sage, Mr Frederick",31.19418104,,,,,,1,0,0,1
1176,2,0,"Sage, Mr George",31.19418104,,,,,,1,0,0,1
1177,2,0,"Sage, Mr John",31.19418104,,,,,,1,0,0,1
1178,2,0,"Sage, Mrs John",31.19418104,,,,,,0,0,0,1
1179,2,0,"Sage, Miss Stella",31.19418104,,,,,,0,0,0,1
1180,2,0,"Sage, Thomas (child)",31.19418104,,,,,,1,0,0,1
1181,2,0,"Sage, Master William",31.19418104,,,,,,1,0,0,1
1182,2,0,"Salander, Mr Karl Johan",31.19418104,,,,,,1,0,0,1
1183,2,1,"Salkjelsvik, Miss Anna",31.19418104,,,,,,0,0,0,1
1184,2,0,"Salonen, Mr Johan Werner",31.19418104,,,,,,1,0,0,1
1185,2,0,"Samaan, Mr Elias",31.19418104,,,,,,1,0,0,1
1186,2,0,"Samaan, Mr Hanna",31.19418104,,,,,,1,0,0,1
1187,2,0,"Samaan, Mr Youssef",31.19418104,,,,,,1,0,0,1
1188,2,1,"Sandstrom, Miss Hjalmar",31.19418104,,,,,,0,0,0,1
1189,2,0,"Sandstrom, Miss Beatrice Irene",31.19418104,,,,,,0,0,0,1
1190,2,0,"Sandstrom, Miss Marguerite Rut",31.19418104,,,,,,0,0,0,1
1191,2,0,"Sather, Simon Sivertsen",31.19418104,,,,,,1,0,0,1
1192,2,0,"Saundercock, William Henry",31.19418104,,,,,,1,0,0,1
1193,2,0,"Sawyer, Mr Frederick",31.19418104,,,,,,1,0,0,1
1194,2,0,"Scanlan, Mr James",31.19418104,,,,,,1,0,0,1
1195,2,0,"Sdycoff, Mr Todor",31.19418104,,,,,,1,0,0,1
1196,2,0,Seman Master Betros,31.19418104,,,,,,1,0,0,1
1197,2,0,"Serota, Mr Maurice",31.19418104,,,,,,1,0,0,1
1198,2,0,"Shaughnesay, Mr Patrick",31.19418104,,,,,,1,0,0,1
1199,2,0,"Shedid (Sitik), Mr Daher (Docart)",31.19418104,,,,,,1,0,0,1
1200,2,1,"Sheerlinck, Mr Jean",31.19418104,,,,,,1,0,0,1
1201,2,0,"Shellard, Mr Frederick B.",31.19418104,,,,,,1,0,0,1
1202,2,1,"Shine, Miss Ellen",31.19418104,,,,,,0,0,0,1
1203,2,0,"Shorney, Mr Charles",31.19418104,,,,,,1,0,0,1
1204,2,0,"Simmons, Mr John",31.19418104,,,,,,1,0,0,1
1205,2,0,"Sirayanian, Mr Arsun",31.19418104,,,,,,1,0,0,1
1206,2,0,"Sivic, Mr Husen",31.19418104,,,,,,1,0,0,1
1207,2,0,"Sivola, Mr Antti",31.19418104,,,,,,1,0,0,1
1208,2,1,"Sjoblom, Miss Anna Sofia",31.19418104,,,,,,0,0,0,1
1209,2,0,"Sholt, Mr Peter Andreas Lauritz Andersen",31.19418104,,,,,,1,0,0,1
1210,2,0,"Skinner, Mr Henry John",31.19418104,,,,,,1,0,0,1
1211,2,0,"Skoog, Master Harald",31.19418104,,,,,,1,0,0,1
1212,2,0,"Skoog, Master Karl",31.19418104,,,,,,1,0,0,1
1213,2,0,"Skoog, Miss Mabel",31.19418104,,,,,,0,0,0,1
1214,2,0,"Skoog, Miss Margit",31.19418104,,,,,,0,0,0,1
1215,2,0,"Skoog, Mr William",31.19418104,,,,,,1,0,0,1
1216,2,0,"Skoog, Mrs William",31.19418104,,,,,,0,0,0,1
1217,2,0,"Slabenoff, Mr Petco",31.19418104,,,,,,1,0,0,1
1218,2,0,"Slocovski, Mr Selman",31.19418104,,,,,,1,0,0,1
1219,2,0,"Smiljanovic, Mr Mile",31.19418104,,,,,,1,0,0,1
1220,2,1,"Smyth, Miss Julia",31.19418104,,,,,,0,0,0,1
1221,2,0,"Solvang, Mrs Lena Jacobsen",31.19418104,,,,,,0,0,0,1
1222,2,0,"Somerton, Mr Francis William",31.19418104,,,,,,1,0,0,1
1223,2,1,"Sop, Mr Jules",31.19418104,,,,,,1,0,0,1
1224,2,0,"Spector, Mr Woolf",31.19418104,,,,,,1,0,0,1
1225,2,0,"Staneff, Mr Ivan",31.19418104,,,,,,1,0,0,1
1226,2,0,"Stankovic, Mr Jovan",31.19418104,,,,,,1,0,0,1
1227,2,1,"Stanley, Miss Amy Zilla Elsie",31.19418104,,,,,,0,0,0,1
1228,2,0,"Stanley, Mr Edward Roland",31.19418104,,,,,,1,0,0,1
1229,2,0,"Storey, Mr Thomas",31.19418104,,,,,,1,0,0,1
1230,2,0,"Stoyehoff, Mr Ilia",31.19418104,,,,,,1,0,0,1
1231,2,0,"Strandberg, Miss Ida Sofia",31.19418104,,,,,,0,0,0,1
1232,2,1,"Stranden, Mr Juho",31.19418104,,,,,,1,0,0,1
1233,2,0,"Strilic, Mr Ivan",31.19418104,,,,,,1,0,0,1
1234,2,0,"Strom, Mrs Wilhelm",31.19418104,,,,,,0,0,0,1
1235,2,0,"Strom, Miss Telma (Selma) Matilda",31.19418104,,,,,,0,0,0,1
1236,2,1,"Sunderland, Mr Victor Francis",31.19418104,,,,,,1,0,0,1
1237,2,0,"Sundman, Mr Johan Julian",31.19418104,,,,,,1,0,0,1
1238,2,0,"Sutehall, Mr Henry, Jr",31.19418104,,,,,,1,0,0,1
1239,2,0,"Svensson, Mr Johan",31.19418104,,,,,,1,0,0,1
1240,2,1,"Svensson, Mr Johan Cervin",31.19418104,,,,,,1,0,0,1
1241,2,0,"Svensson, Mr Olof",31.19418104,,,,,,1,0,0,1
1242,2,0,"Tannous, Mr Thomas",31.19418104,,,,,,1,0,0,1
1243,2,1,"Tenglin, Mr Gunnar Isidor",31.19418104,,,,,,1,0,0,1
1244,2,0,"Theobald, Mr Thomas Leonard",31.19418104,,,,,,1,0,0,1
1245,2,1,"Thomas, Mrs Alexander",31.19418104,,,,,,0,0,0,1
1246,2,0,"Thomas, Master Assad Alexander",31.19418104,,,,,,1,0,0,1
1247,2,0,"Thomas, Mr Charles",31.19418104,,,,,,1,0,0,1
1248,2,0,"Thomas, Mr John, Jr",31.19418104,,,,,,1,0,0,1
1249,2,0,"Thomas, Mr John (? 1st/2nd class)",31.19418104,,,,,,1,0,0,1
1250,2,0,"Thomson, Mr Alexander",31.19418104,,,,,,1,0,0,1
1251,2,0,"Thorneycroft, Mr Percival",31.19418104,,,,,,1,0,0,1
1252,2,1,"Thorneycroft, Mrs Percival",31.19418104,,,,,,0,0,0,1
1253,2,0,"Tikkanen, Mr Juho",31.19418104,,,,,,1,0,0,1
1254,2,0,"Tobin, Mr Roger",31.19418104,,,,,,1,0,0,1
1255,2,0,"Todoroff, Mr Lalio",31.19418104,,,,,,1,0,0,1
1256,2,0,"Toerber, Mr Ernest William",31.19418104,,,,,,1,0,0,1
1257,2,0,"Tomlin, Mr Ernest Portage",31.19418104,,,,,,1,0,0,1
1258,2,0,"Torfa, Mr Assad",31.19418104,,,,,,1,0,0,1
1259,2,1,"Tornquist, Mr William Henry",31.19418104,,,,,,1,0,0,1
1260,2,0,"Touma (Thomas), Mrs Darwin",31.19418104,,,,,,0,0,0,1
1261,2,0,"Touma (Thomas), Master George",31.19418104,,,,,,1,0,0,1
1262,2,0,"Touma (Thomas), Miss Hannah",31.19418104,,,,,,0,0,0,1
1263,2,0,"Turcin, Mr Stefan",31.19418104,,,,,,1,0,0,1
1264,2,1,"Turja, Miss Anna Sofia",31.19418104,,,,,,0,0,0,1
1265,2,0,"Turkula, Mrs Hedvig",31.19418104,,,,,,0,0,0,1
1266,2,0,"Uzelas, Mr Joso",31.19418104,,,,,,1,0,0,1
1267,2,0,"Van Billiard, Mr Austin Blyler",31.19418104,,,,,,1,0,0,1
1268,2,0,"Van Billiard, Master James William",31.19418104,,,,,,1,0,0,1
1269,2,0,"Van Billiard, Master Walter John",31.19418104,,,,,,1,0,0,1
1270,2,0,"Van der Planke, Miss Augusta",31.19418104,,,,,,0,0,0,1
1271,2,0,"Van der Planke, Mr Jules",31.19418104,,,,,,1,0,0,1
1272,2,0,"Van der Planke, Mrs Jules",31.19418104,,,,,,0,0,0,1
1273,2,0,"Van der Planke, Mr Leon",31.19418104,,,,,,1,0,0,1
1274,2,0,"Van der Steen, Mr Leo Peter",31.19418104,,,,,,1,0,0,1
1275,2,0,"Van de Velde, Mr John Joseph",31.19418104,,,,,,1,0,0,1
1276,2,0,"Vandewalle, Mr Nestor Cyriel",31.19418104,,,,,,1,0,0,1
1277,2,0,"Van Impe, Miss Catharine",31.19418104,,,,,,0,0,0,1
1278,2,0,"Van Impe, Mr Jean Baptiste",31.19418104,,,,,,1,0,0,1
1279,2,0,"Van Impe, Mrs Jean Baptiste",31.19418104,,,,,,0,0,0,1
1280,2,1,"Vartunian, Mr David",31.19418104,,,,,,1,0,0,1
1281,2,0,"Vassilios, Mr Catavelas",31.19418104,,,,,,1,0,0,1
1282,2,0,"Vendel, Mr Olof Wdvin",31.19418104,,,,,,1,0,0,1
1283,2,0,"Vereruysse, Mr Victor",31.19418104,,,,,,1,0,0,1
1284,2,0,"Vestrom, Miss Hulda Amanda Adolfina",31.19418104,,,,,,0,0,0,1
1285,2,0,"Vonk, Mr Jenko",31.19418104,,,,,,1,0,0,1
1286,2,0,"Ware, Mr Frederick",31.19418104,,,,,,1,0,0,1
1287,2,0,"Warren, Mr Charles William",31.19418104,,,,,,1,0,0,1
1288,2,0,"Wazli, Mr Yousif",31.19418104,,,,,,1,0,0,1
1289,2,0,"Webber, Mr James",31.19418104,,,,,,1,0,0,1
1290,2,1,"Wennerstrom, Mr August Edvard",31.19418104,,,,,,1,0,0,1
1291,2,0,"Wenzel, Mr Linhart",31.19418104,,,,,,1,0,0,1
1292,2,0,"Widegren, Mr Charles Peter",31.19418104,,,,,,1,0,0,1
1293,2,0,"Wiklund, Mr Jacob Alfred",31.19418104,,,,,,1,0,0,1
1294,2,1,"Wilkes, Mrs Ellen",31.19418104,,,,,,0,0,0,1
1295,2,0,"Willer, Mr Aaron",31.19418104,,,,,,1,0,0,1
1296,2,0,"Willey, Mr Edward",31.19418104,,,,,,1,0,0,1
1297,2,0,"Williams, Mr Howard Hugh",31.19418104,,,,,,1,0,0,1
1298,2,0,"Williams, Mr Leslie",31.19418104,,,,,,1,0,0,1
1299,2,0,"Windelov, Mr Einar",31.19418104,,,,,,1,0,0,1
1300,2,0,"Wirz, Mr Albert",31.19418104,,,,,,1,0,0,1
1301,2,0,"Wiseman, Mr Phillippe",31.19418104,,,,,,1,0,0,1
1302,2,0,"Wittevrongel, Mr Camiel",31.19418104,,,,,,1,0,0,1
1303,2,1,"Yalsevac, Mr Ivan",31.19418104,,,,,,1,0,0,1
1304,2,0,"Yasbeck, Mr Antoni",31.19418104,,,,,,1,0,0,1
1305,2,1,"Yasbeck, Mrs Antoni",31.19418104,,,,,,0,0,0,1
1306,2,0,"Youssef, Mr Gerios",31.19418104,,,,,,1,0,0,1
1307,2,0,"Zabour, Miss Hileni",31.19418104,,,,,,0,0,0,1
1308,2,0,"Zabour, Miss Tamini",31.19418104,,,,,,0,0,0,1
1309,2,0,"Zakarian, Mr Artun",31.19418104,,,,,,1,0,0,1
1310,2,0,"Zakarian, Mr Maprieder",31.19418104,,,,,,1,0,0,1
1311,2,0,"Zenn, Mr Philip",31.19418104,,,,,,1,0,0,1
1312,2,0,"Zievens, Rene",31.19418104,,,,,,0,0,0,1
1313,2,0,"Zimmerman, Leo",31.19418104,,,,,,1,0,0,1
